{
  "product_name": "ComposeForDataLakes",
  "product_version": "6.6.0.337",
  "created_on": "08/12/2020 15:28:06",
  "objects": [
    {
      "id": 1,
      "path": "/",
      "name": "settings",
      "type": "ACProjectSettings",
      "creation_time": 0,
      "modification_time": 0,
      "inner_item": {
        "$type": "ACProjectSettings",
        "lowest_date": "1780-01-01",
        "highest_date": "9999-12-31",
        "unknown_date": "7777-07-07",
        "unknown_string": "Unknown",
        "map_name_prefix": "Map",
        "stop_after_staging": false,
        "use_datetime2": false,
        "unknown_guid": "00000000-0000-0000-0000-000000000000",
        "unknown_number": "0",
        "unknown_byte": "0",
        "dwh_key_name": "ID",
        "naming_conv": {
          "dwh_prefix": "",
          "hub_suffix": "",
          "sat_suffix": "",
          "lnk_suffix": "_L",
          "dma_prefix": "TDMA_",
          "dwh_view_prefix": "v_",
          "replicate_change_table_suffix": "__ct",
          "error_mart_suffix": "__ex",
          "dma_view_prefix": "VDMA_",
          "ct_archive_suffix": "__ar",
          "current_view_name_suffix": "_current",
          "column_prefix": "header__",
          "from_date_suffix": "from_date",
          "to_date_suffix": "to_date",
          "soft_delete_suffix": "deleted",
          "created_batch_suffix": "created_batch",
          "modified_batch_suffix": "modified_batch",
          "dropped_column_suffix": "__dropped",
          "control_table_prefix": "attcmps_",
          "provisioning_table_prefix": ""
        },
        "create_ddl_scripts_only": false,
        "ignore_data_type_check": false,
        "write_tdwm_to_db": false,
        "hide_default_workflows": false,
        "exclude_to_date": true,
        "acid_transactions": true,
        "big_data_project_type": "OPERATIONAL_DATASTORE",
        "dwh_type": "DATABRICKSDELTA",
        "rno_ins": "RUNNO_INSERT",
        "rno_upd": "RUNNO_UPDATE",
        "soft_delete": true,
        "hard_delete": false,
        "user_var_list": {
          "usrvarlst": []
        },
        "uuid": "5110153b-082c-4a90-9ba6-4046de33f98e",
        "get_md_via_select_query": false,
        "defaults_base_location": {
          "hdfs_provisioning_defaults": {
            "hive_external_table": false
          },
          "s3_storage_provisioning_defaults": {
            "hive_external_table": false
          },
          "azure_gen1_provisioning_defaults": {
            "hive_external_table": false
          },
          "azure_gen2_provisioning_defaults": {
            "hive_external_table": false
          },
          "google_storage_provisioning_defaults": {
            "hive_external_table": false
          }
        },
        "name": "settings",
        "version": 637315014307210000,
        "metadata": {
          "creation_time": 637315014284690000,
          "modification_time": 637315014307210000,
          "tags": [],
          "caller_role": "NONE"
        }
      },
      "tags": [],
      "software_version": 3
    },
    {
      "id": 3,
      "path": "/",
      "name": "Storage",
      "type": "Database",
      "creation_time": 0,
      "modification_time": 0,
      "inner_item": {
        "$type": "DatabaseDto",
        "usage": "DATA_WAREHOUSE",
        "dbms": "Databricks Delta",
        "server_name": "adb-5830719978763453.13.azuredatabricks.net",
        "database_name": "",
        "user_name": "token",
        "password": "",
        "included_schemas": "storage_dke",
        "templateDatabaseType": "DATABRICKSDELTA",
        "dma_schema": "ingestion_dke",
        "original_sourcedb_id": 0,
        "has_source_definition": false,
        "landing_zone": {
          "landing_type": "DATABASE",
          "replicate_task_type": "FULL_LOAD_AND_CDC",
          "associate_with_replicate_task": false,
          "archive_settings": {
            "$type": "HiveArchiveSettings",
            "archive_format": "ORC",
            "ct_post_processing": "DO_NOTHING"
          }
        },
        "display_name": "Databricks Delta",
        "port": 443,
        "db_settings": {
          "$type": "DatabricksDbSettings",
          "use_buckets": true,
          "number_of_buckets": 10,
          "format": "ORC",
          "authentication_type": "DATABRICKS_DELTA",
          "authentication_settings": {
            "$type": "DatabricksConfiguration",
            "gateway_path": "sql/protocolv1/o/5830719978763453/0505-193044-ducat719"
          },
          "ssl_configuration": {
            "use_ssl": false,
            "allow_self_signed_certs": false
          },
          "is_glue_metadata": false
        },
        "multibyte_character_multiplier": 1,
        "apply_ddl_changes": false,
        "max_table_cols_single_read": 100,
        "uuid": "5a6e47e2-6236-40b4-b7b1-60122fe81f9a",
        "use_long_object_names": false,
        "use_zoo_keeper": false,
        "zoo_keeper_namespace": "hiveserver2",
        "cache_only_the_discovered_tables": true,
        "full_connection_string": {
          "enabled": false
        },
        "id": 3,
        "name": "Storage",
        "version": 637323435264660000,
        "metadata": {
          "creation_time": 637315015070580000,
          "modification_time": 637323435264660000,
          "tags": [],
          "caller_role": "NONE"
        }
      },
      "tags": [],
      "software_version": 5
    },
    {
      "id": 4,
      "path": "/",
      "name": "Sales",
      "type": "Database",
      "creation_time": 0,
      "modification_time": 0,
      "inner_item": {
        "$type": "DatabaseDto",
        "usage": "SOURCE",
        "server_name": "",
        "database_name": "",
        "included_schemas": "*",
        "templateDatabaseType": "DATABRICKSDELTA",
        "dma_schema": "*",
        "original_sourcedb_id": 0,
        "has_source_definition": false,
        "landing_zone": {
          "landing_type": "DATABASE",
          "schema_name": "landing_dke",
          "replicate_task_type": "FULL_LOAD_AND_CDC",
          "replicate_task_name": "MySql to Databricks Azure",
          "associate_with_replicate_task": true,
          "replicate_server_name": "Replicate",
          "archive_settings": {
            "ct_post_processing": "DO_NOTHING"
          },
          "task_uuid": "72715af8-4595-6f43-9885-807768209d43"
        },
        "port": 0,
        "multibyte_character_multiplier": 1,
        "apply_ddl_changes": true,
        "max_table_cols_single_read": 100,
        "uuid": "52e76f00-f7ec-4e2b-8151-82e5508f8ef6",
        "use_long_object_names": false,
        "use_zoo_keeper": false,
        "zoo_keeper_namespace": "hiveserver2",
        "cache_only_the_discovered_tables": true,
        "full_connection_string": {
          "enabled": false
        },
        "id": 4,
        "name": "Sales",
        "version": 637321484834060000,
        "metadata": {
          "creation_time": 637315015515370000,
          "modification_time": 637321484834060000,
          "tags": [],
          "caller_role": "NONE"
        }
      },
      "tags": [],
      "software_version": 5
    },
    {
      "id": 5,
      "path": "/",
      "name": "Sales_Landing",
      "type": "Database",
      "creation_time": 0,
      "modification_time": 0,
      "inner_item": {
        "$type": "DatabaseDto",
        "usage": "SOURCE",
        "dbms": "Databricks Delta",
        "server_name": "adb-5830719978763453.13.azuredatabricks.net",
        "user_name": "token",
        "password": "",
        "included_schemas": "landing_dke",
        "templateDatabaseType": "DATABRICKSDELTA",
        "dma_schema": "landing_dke",
        "original_sourcedb_id": 4,
        "has_source_definition": true,
        "display_name": "Databricks Delta",
        "port": 443,
        "db_settings": {
          "$type": "DatabricksDbSettings",
          "use_buckets": true,
          "number_of_buckets": 10,
          "format": "ORC",
          "authentication_type": "DATABRICKS_DELTA",
          "authentication_settings": {
            "$type": "DatabricksConfiguration",
            "gateway_path": "sql/protocolv1/o/5830719978763453/0505-193044-ducat719"
          },
          "ssl_configuration": {
            "use_ssl": false,
            "allow_self_signed_certs": false
          },
          "is_glue_metadata": false
        },
        "multibyte_character_multiplier": 1,
        "apply_ddl_changes": true,
        "max_table_cols_single_read": 100,
        "original_sourcedb_name": "Sales",
        "uuid": "52e76f00-f7ec-4e2b-8151-82e5508f8ef6",
        "use_long_object_names": false,
        "use_zoo_keeper": false,
        "zoo_keeper_namespace": "hiveserver2",
        "cache_only_the_discovered_tables": true,
        "id": 5,
        "name": "Sales_Landing",
        "version": 637323435288930000,
        "metadata": {
          "creation_time": 637315015515530000,
          "modification_time": 637323435288930000,
          "tags": [],
          "caller_role": "NONE"
        }
      },
      "tags": [],
      "software_version": 5
    },
    {
      "id": 49,
      "path": "/",
      "name": "VersionControl",
      "type": "VersionControl",
      "creation_time": 0,
      "modification_time": 0,
      "inner_item": {
        "$type": "VersionControlDto",
        "type": "Git",
        "use_remote_server": true,
        "remote_url": "https://github.com/dedwardsqlik/ComposeDL.git",
        "user_name": "dedwardsqlik",
        "password": "",
        "name": "VersionControl",
        "version": 637328345671660000,
        "metadata": {
          "creation_time": 637328345671660000,
          "modification_time": 637328345671660000,
          "tags": [],
          "caller_role": "NONE"
        }
      },
      "tags": [],
      "software_version": 1
    },
    {
      "id": 51,
      "path": "/",
      "name": "AddressID",
      "type": "DomainAttribute",
      "creation_time": 0,
      "modification_time": 0,
      "inner_item": {
        "$type": "DomainAttributeDto",
        "type": "Integer",
        "length": 0,
        "scale": 0,
        "time_model_entity_id": 0,
        "is_reference_entity": false,
        "save_history": false,
        "id": 51,
        "name": "AddressID",
        "version": 637328421155570000,
        "metadata": {
          "creation_time": 637328421155570000,
          "modification_time": 637328421155570000,
          "tags": [],
          "caller_role": "NONE"
        }
      },
      "tags": [],
      "software_version": 2
    },
    {
      "id": 52,
      "path": "/",
      "name": "AddressLine1",
      "type": "DomainAttribute",
      "creation_time": 0,
      "modification_time": 0,
      "inner_item": {
        "$type": "DomainAttributeDto",
        "type": "String",
        "length": 0,
        "scale": 0,
        "time_model_entity_id": 0,
        "is_reference_entity": false,
        "save_history": false,
        "id": 52,
        "name": "AddressLine1",
        "version": 637328421155580000,
        "metadata": {
          "creation_time": 637328421155580000,
          "modification_time": 637328421155580000,
          "tags": [],
          "caller_role": "NONE"
        }
      },
      "tags": [],
      "software_version": 2
    },
    {
      "id": 53,
      "path": "/",
      "name": "AddressLine2",
      "type": "DomainAttribute",
      "creation_time": 0,
      "modification_time": 0,
      "inner_item": {
        "$type": "DomainAttributeDto",
        "type": "String",
        "length": 0,
        "scale": 0,
        "time_model_entity_id": 0,
        "is_reference_entity": false,
        "save_history": false,
        "id": 53,
        "name": "AddressLine2",
        "version": 637328421155580000,
        "metadata": {
          "creation_time": 637328421155580000,
          "modification_time": 637328421155580000,
          "tags": [],
          "caller_role": "NONE"
        }
      },
      "tags": [],
      "software_version": 2
    },
    {
      "id": 54,
      "path": "/",
      "name": "City",
      "type": "DomainAttribute",
      "creation_time": 0,
      "modification_time": 0,
      "inner_item": {
        "$type": "DomainAttributeDto",
        "type": "String",
        "length": 0,
        "scale": 0,
        "time_model_entity_id": 0,
        "is_reference_entity": false,
        "save_history": false,
        "id": 54,
        "name": "City",
        "version": 637328421155590000,
        "metadata": {
          "creation_time": 637328421155590000,
          "modification_time": 637328421155590000,
          "tags": [],
          "caller_role": "NONE"
        }
      },
      "tags": [],
      "software_version": 2
    },
    {
      "id": 55,
      "path": "/",
      "name": "StateProvinceID",
      "type": "DomainAttribute",
      "creation_time": 0,
      "modification_time": 0,
      "inner_item": {
        "$type": "DomainAttributeDto",
        "type": "Integer",
        "length": 0,
        "scale": 0,
        "time_model_entity_id": 0,
        "is_reference_entity": false,
        "save_history": false,
        "id": 55,
        "name": "StateProvinceID",
        "version": 637328421155590000,
        "metadata": {
          "creation_time": 637328421155590000,
          "modification_time": 637328421155590000,
          "tags": [],
          "caller_role": "NONE"
        }
      },
      "tags": [],
      "software_version": 2
    },
    {
      "id": 56,
      "path": "/",
      "name": "PostalCode",
      "type": "DomainAttribute",
      "creation_time": 0,
      "modification_time": 0,
      "inner_item": {
        "$type": "DomainAttributeDto",
        "type": "String",
        "length": 0,
        "scale": 0,
        "time_model_entity_id": 0,
        "is_reference_entity": false,
        "save_history": false,
        "id": 56,
        "name": "PostalCode",
        "version": 637328421155600000,
        "metadata": {
          "creation_time": 637328421155600000,
          "modification_time": 637328421155600000,
          "tags": [],
          "caller_role": "NONE"
        }
      },
      "tags": [],
      "software_version": 2
    },
    {
      "id": 57,
      "path": "/",
      "name": "SpatialLocation",
      "type": "DomainAttribute",
      "creation_time": 0,
      "modification_time": 0,
      "inner_item": {
        "$type": "DomainAttributeDto",
        "type": "String",
        "length": 0,
        "scale": 0,
        "time_model_entity_id": 0,
        "is_reference_entity": false,
        "save_history": false,
        "id": 57,
        "name": "SpatialLocation",
        "version": 637328421155600000,
        "metadata": {
          "creation_time": 637328421155600000,
          "modification_time": 637328421155600000,
          "tags": [],
          "caller_role": "NONE"
        }
      },
      "tags": [],
      "software_version": 2
    },
    {
      "id": 58,
      "path": "/",
      "name": "rowguid",
      "type": "DomainAttribute",
      "creation_time": 0,
      "modification_time": 0,
      "inner_item": {
        "$type": "DomainAttributeDto",
        "type": "String",
        "length": 0,
        "scale": 0,
        "time_model_entity_id": 0,
        "is_reference_entity": false,
        "save_history": false,
        "id": 58,
        "name": "rowguid",
        "version": 637328421155610000,
        "metadata": {
          "creation_time": 637328421155610000,
          "modification_time": 637328421155610000,
          "tags": [],
          "caller_role": "NONE"
        }
      },
      "tags": [],
      "software_version": 2
    },
    {
      "id": 59,
      "path": "/",
      "name": "ModifiedDate",
      "type": "DomainAttribute",
      "creation_time": 0,
      "modification_time": 0,
      "inner_item": {
        "$type": "DomainAttributeDto",
        "type": "DateTime",
        "length": 29,
        "scale": 9,
        "time_model_entity_id": 0,
        "is_reference_entity": false,
        "save_history": false,
        "id": 59,
        "name": "ModifiedDate",
        "version": 637328421155610000,
        "metadata": {
          "creation_time": 637328421155610000,
          "modification_time": 637328421155610000,
          "tags": [],
          "caller_role": "NONE"
        }
      },
      "tags": [],
      "software_version": 2
    },
    {
      "id": 61,
      "path": "/",
      "name": "BusinessEntityID",
      "type": "DomainAttribute",
      "creation_time": 0,
      "modification_time": 0,
      "inner_item": {
        "$type": "DomainAttributeDto",
        "type": "Integer",
        "length": 0,
        "scale": 0,
        "time_model_entity_id": 0,
        "is_reference_entity": false,
        "save_history": false,
        "id": 61,
        "name": "BusinessEntityID",
        "version": 637328421182120000,
        "metadata": {
          "creation_time": 637328421182120000,
          "modification_time": 637328421182120000,
          "tags": [],
          "caller_role": "NONE"
        }
      },
      "tags": [],
      "software_version": 2
    },
    {
      "id": 62,
      "path": "/",
      "name": "PersonType",
      "type": "DomainAttribute",
      "creation_time": 0,
      "modification_time": 0,
      "inner_item": {
        "$type": "DomainAttributeDto",
        "type": "String",
        "length": 0,
        "scale": 0,
        "time_model_entity_id": 0,
        "is_reference_entity": false,
        "save_history": false,
        "id": 62,
        "name": "PersonType",
        "version": 637328421182120000,
        "metadata": {
          "creation_time": 637328421182120000,
          "modification_time": 637328421182120000,
          "tags": [],
          "caller_role": "NONE"
        }
      },
      "tags": [],
      "software_version": 2
    },
    {
      "id": 63,
      "path": "/",
      "name": "NameStyle",
      "type": "DomainAttribute",
      "creation_time": 0,
      "modification_time": 0,
      "inner_item": {
        "$type": "DomainAttributeDto",
        "type": "Integer",
        "length": 0,
        "scale": 0,
        "time_model_entity_id": 0,
        "is_reference_entity": false,
        "save_history": false,
        "id": 63,
        "name": "NameStyle",
        "version": 637328421182130000,
        "metadata": {
          "creation_time": 637328421182130000,
          "modification_time": 637328421182130000,
          "tags": [],
          "caller_role": "NONE"
        }
      },
      "tags": [],
      "software_version": 2
    },
    {
      "id": 64,
      "path": "/",
      "name": "Title",
      "type": "DomainAttribute",
      "creation_time": 0,
      "modification_time": 0,
      "inner_item": {
        "$type": "DomainAttributeDto",
        "type": "String",
        "length": 0,
        "scale": 0,
        "time_model_entity_id": 0,
        "is_reference_entity": false,
        "save_history": false,
        "id": 64,
        "name": "Title",
        "version": 637328421182130000,
        "metadata": {
          "creation_time": 637328421182130000,
          "modification_time": 637328421182130000,
          "tags": [],
          "caller_role": "NONE"
        }
      },
      "tags": [],
      "software_version": 2
    },
    {
      "id": 65,
      "path": "/",
      "name": "FirstName",
      "type": "DomainAttribute",
      "creation_time": 0,
      "modification_time": 0,
      "inner_item": {
        "$type": "DomainAttributeDto",
        "type": "String",
        "length": 0,
        "scale": 0,
        "time_model_entity_id": 0,
        "is_reference_entity": false,
        "save_history": false,
        "id": 65,
        "name": "FirstName",
        "version": 637328421182130000,
        "metadata": {
          "creation_time": 637328421182130000,
          "modification_time": 637328421182130000,
          "tags": [],
          "caller_role": "NONE"
        }
      },
      "tags": [],
      "software_version": 2
    },
    {
      "id": 66,
      "path": "/",
      "name": "MiddleName",
      "type": "DomainAttribute",
      "creation_time": 0,
      "modification_time": 0,
      "inner_item": {
        "$type": "DomainAttributeDto",
        "type": "String",
        "length": 0,
        "scale": 0,
        "time_model_entity_id": 0,
        "is_reference_entity": false,
        "save_history": false,
        "id": 66,
        "name": "MiddleName",
        "version": 637328421182140000,
        "metadata": {
          "creation_time": 637328421182140000,
          "modification_time": 637328421182140000,
          "tags": [],
          "caller_role": "NONE"
        }
      },
      "tags": [],
      "software_version": 2
    },
    {
      "id": 67,
      "path": "/",
      "name": "LastName",
      "type": "DomainAttribute",
      "creation_time": 0,
      "modification_time": 0,
      "inner_item": {
        "$type": "DomainAttributeDto",
        "type": "String",
        "length": 0,
        "scale": 0,
        "time_model_entity_id": 0,
        "is_reference_entity": false,
        "save_history": false,
        "id": 67,
        "name": "LastName",
        "version": 637328421182140000,
        "metadata": {
          "creation_time": 637328421182140000,
          "modification_time": 637328421182140000,
          "tags": [],
          "caller_role": "NONE"
        }
      },
      "tags": [],
      "software_version": 2
    },
    {
      "id": 68,
      "path": "/",
      "name": "Suffix",
      "type": "DomainAttribute",
      "creation_time": 0,
      "modification_time": 0,
      "inner_item": {
        "$type": "DomainAttributeDto",
        "type": "String",
        "length": 0,
        "scale": 0,
        "time_model_entity_id": 0,
        "is_reference_entity": false,
        "save_history": false,
        "id": 68,
        "name": "Suffix",
        "version": 637328421182140000,
        "metadata": {
          "creation_time": 637328421182140000,
          "modification_time": 637328421182140000,
          "tags": [],
          "caller_role": "NONE"
        }
      },
      "tags": [],
      "software_version": 2
    },
    {
      "id": 69,
      "path": "/",
      "name": "EmailPromotion",
      "type": "DomainAttribute",
      "creation_time": 0,
      "modification_time": 0,
      "inner_item": {
        "$type": "DomainAttributeDto",
        "type": "Integer",
        "length": 0,
        "scale": 0,
        "time_model_entity_id": 0,
        "is_reference_entity": false,
        "save_history": false,
        "id": 69,
        "name": "EmailPromotion",
        "version": 637328421182150000,
        "metadata": {
          "creation_time": 637328421182150000,
          "modification_time": 637328421182150000,
          "tags": [],
          "caller_role": "NONE"
        }
      },
      "tags": [],
      "software_version": 2
    },
    {
      "id": 70,
      "path": "/",
      "name": "AdditionalContactInfo",
      "type": "DomainAttribute",
      "creation_time": 0,
      "modification_time": 0,
      "inner_item": {
        "$type": "DomainAttributeDto",
        "type": "String",
        "length": 0,
        "scale": 0,
        "time_model_entity_id": 0,
        "is_reference_entity": false,
        "save_history": false,
        "id": 70,
        "name": "AdditionalContactInfo",
        "version": 637328421182150000,
        "metadata": {
          "creation_time": 637328421182150000,
          "modification_time": 637328421182150000,
          "tags": [],
          "caller_role": "NONE"
        }
      },
      "tags": [],
      "software_version": 2
    },
    {
      "id": 71,
      "path": "/",
      "name": "Demographics",
      "type": "DomainAttribute",
      "creation_time": 0,
      "modification_time": 0,
      "inner_item": {
        "$type": "DomainAttributeDto",
        "type": "String",
        "length": 0,
        "scale": 0,
        "time_model_entity_id": 0,
        "is_reference_entity": false,
        "save_history": false,
        "id": 71,
        "name": "Demographics",
        "version": 637328421182160000,
        "metadata": {
          "creation_time": 637328421182160000,
          "modification_time": 637328421182160000,
          "tags": [],
          "caller_role": "NONE"
        }
      },
      "tags": [],
      "software_version": 2
    },
    {
      "id": 50,
      "path": "/",
      "name": "address",
      "type": "Entity",
      "creation_time": 0,
      "modification_time": 0,
      "inner_item": {
        "$type": "EntityDto",
        "time_model_entity_id": 0,
        "is_reference_entity": false,
        "save_history": false,
        "uuid": "351c55ce-ff3e-480c-9d26-7f0f57ebf915",
        "id": 50,
        "name": "address",
        "version": 637328421155490000,
        "metadata": {
          "creation_time": 637328421155490000,
          "modification_time": 637328421155490000,
          "tags": [],
          "caller_role": "NONE"
        }
      },
      "tags": [],
      "software_version": 2
    },
    {
      "id": 60,
      "path": "/",
      "name": "person",
      "type": "Entity",
      "creation_time": 0,
      "modification_time": 0,
      "inner_item": {
        "$type": "EntityDto",
        "time_model_entity_id": 0,
        "is_reference_entity": false,
        "save_history": false,
        "uuid": "6ecdbb65-e179-42f5-b85e-9471250f5b12",
        "id": 60,
        "name": "person",
        "version": 637328421182110000,
        "metadata": {
          "creation_time": 637328421182110000,
          "modification_time": 637328421182110000,
          "tags": [],
          "caller_role": "NONE"
        }
      },
      "tags": [],
      "software_version": 2
    },
    {
      "id": 98,
      "path": "/",
      "name": "Default Workflow",
      "type": "FlowDto",
      "creation_time": 0,
      "modification_time": 0,
      "inner_item": {
        "$type": "FlowDto",
        "flow_type": "SIMPLE",
        "lane_sets": [],
        "flow_nodes": {
          "start": {
            "$type": "StartNode",
            "incoming": [],
            "outgoing": [
              {
                "directive": {
                  "target_node_id": "sales",
                  "target_port_id": "inport"
                },
                "id": "outport"
              }
            ],
            "display_name": "START",
            "id": "start"
          },
          "end": {
            "$type": "EndNode",
            "error_policy": {
              "termination_mode": "STOP_AFTER_RUNNING_ACTIVITIES"
            },
            "incoming": [
              {
                "id": "inport_1"
              }
            ],
            "outgoing": [],
            "display_name": "END",
            "id": "end"
          },
          "sales": {
            "$type": "ExecutionActivity",
            "executor_input": {
              "$type": "EtlCommandExecutionData",
              "project_name": "Databricks-Azure",
              "etl_id": 94,
              "apply_schema_evolution": true,
              "id": 0,
              "name": "Sales",
              "version": 0
            },
            "timeout_sec": 300,
            "incoming": [
              {
                "id": "inport"
              }
            ],
            "outgoing": [
              {
                "directive": {
                  "target_node_id": "end",
                  "target_port_id": "inport_1"
                },
                "id": "outport"
              }
            ],
            "display_name": "Sales",
            "id": "sales"
          }
        },
        "resumable": true,
        "max_instances": 1,
        "is_template": true,
        "name": "Default Workflow",
        "version": 637328426713140000,
        "metadata": {
          "creation_time": 637328424852180000,
          "modification_time": 637328426713140000,
          "tags": [],
          "caller_role": "NONE"
        }
      },
      "tags": [],
      "software_version": 1
    },
    {
      "id": 99,
      "path": "/",
      "name": "Default Change Processing Workflow",
      "type": "FlowDto",
      "creation_time": 0,
      "modification_time": 0,
      "inner_item": {
        "$type": "FlowDto",
        "flow_type": "SIMPLE",
        "lane_sets": [],
        "flow_nodes": {
          "start": {
            "$type": "StartNode",
            "incoming": [],
            "outgoing": [
              {
                "directive": {
                  "target_node_id": "sales_cdc",
                  "target_port_id": "inport"
                },
                "id": "outport"
              }
            ],
            "display_name": "START",
            "id": "start"
          },
          "end": {
            "$type": "EndNode",
            "error_policy": {
              "termination_mode": "STOP_AFTER_RUNNING_ACTIVITIES"
            },
            "incoming": [
              {
                "id": "inport_1"
              }
            ],
            "outgoing": [],
            "display_name": "END",
            "id": "end"
          },
          "sales_cdc": {
            "$type": "ExecutionActivity",
            "executor_input": {
              "$type": "EtlCommandExecutionData",
              "project_name": "Databricks-Azure",
              "etl_id": 95,
              "apply_schema_evolution": true,
              "id": 0,
              "name": "Sales_CDC",
              "version": 0
            },
            "timeout_sec": 300,
            "incoming": [
              {
                "id": "inport"
              }
            ],
            "outgoing": [
              {
                "directive": {
                  "target_node_id": "end",
                  "target_port_id": "inport_1"
                },
                "id": "outport"
              }
            ],
            "display_name": "Sales_CDC",
            "id": "sales_cdc"
          }
        },
        "resumable": true,
        "max_instances": 1,
        "is_template": true,
        "name": "Default Change Processing Workflow",
        "version": 637328426713150000,
        "metadata": {
          "creation_time": 637328426713150000,
          "modification_time": 637328426713150000,
          "tags": [],
          "caller_role": "NONE"
        }
      },
      "tags": [],
      "software_version": 1
    },
    {
      "id": 2,
      "path": "/",
      "name": "Databricks-Azure",
      "type": "ExecutionServiceDto",
      "creation_time": 0,
      "modification_time": 0,
      "inner_item": {
        "$type": "ExecutionServiceDto",
        "max_runtime_instances_to_keep": 1000,
        "name": "Databricks-Azure",
        "version": 637328234304850000,
        "metadata": {
          "creation_time": 637315014284700000,
          "modification_time": 637328234304850000,
          "tags": [],
          "caller_role": "NONE"
        }
      },
      "tags": [],
      "software_version": 1
    },
    {
      "id": 72,
      "path": "/",
      "name": "971914de-4a04-449e-a451-210c13b9ad53",
      "type": "TableColumn",
      "creation_time": 0,
      "modification_time": 0,
      "inner_item": {
        "$type": "TableColumnDto",
        "poe": 50,
        "pbe": 51,
        "prefix": "",
        "is_primary": true,
        "history_type": "N",
        "block": 0,
        "ordinal": 100,
        "time_model_role_id": 0,
        "id": 72,
        "name": "971914de-4a04-449e-a451-210c13b9ad53",
        "version": 637328421182280000,
        "metadata": {
          "creation_time": 637328421182280000,
          "modification_time": 637328421182280000,
          "tags": [],
          "caller_role": "NONE"
        }
      },
      "tags": [],
      "software_version": 1
    },
    {
      "id": 73,
      "path": "/",
      "name": "827a8048-5ea6-4e14-8a40-c3a441276ec6",
      "type": "TableColumn",
      "creation_time": 0,
      "modification_time": 0,
      "inner_item": {
        "$type": "TableColumnDto",
        "poe": 60,
        "pbe": 61,
        "prefix": "",
        "is_primary": true,
        "history_type": "N",
        "block": 0,
        "ordinal": 100,
        "time_model_role_id": 0,
        "id": 73,
        "name": "827a8048-5ea6-4e14-8a40-c3a441276ec6",
        "version": 637328421182290000,
        "metadata": {
          "creation_time": 637328421182290000,
          "modification_time": 637328421182290000,
          "tags": [],
          "caller_role": "NONE"
        }
      },
      "tags": [],
      "software_version": 1
    },
    {
      "id": 74,
      "path": "/",
      "name": "efaf520f-ddad-4812-adf6-c27795fdc39f",
      "type": "TableColumn",
      "creation_time": 0,
      "modification_time": 0,
      "inner_item": {
        "$type": "TableColumnDto",
        "poe": 50,
        "pbe": 52,
        "prefix": "",
        "is_primary": false,
        "history_type": "N",
        "block": 0,
        "ordinal": 200,
        "time_model_role_id": 0,
        "id": 74,
        "name": "efaf520f-ddad-4812-adf6-c27795fdc39f",
        "version": 637328421182350000,
        "metadata": {
          "creation_time": 637328421182350000,
          "modification_time": 637328421182350000,
          "tags": [],
          "caller_role": "NONE"
        }
      },
      "tags": [],
      "software_version": 1
    },
    {
      "id": 75,
      "path": "/",
      "name": "904b4204-55d0-481f-9f2e-1f252233bcb3",
      "type": "TableColumn",
      "creation_time": 0,
      "modification_time": 0,
      "inner_item": {
        "$type": "TableColumnDto",
        "poe": 50,
        "pbe": 53,
        "prefix": "",
        "is_primary": false,
        "history_type": "N",
        "block": 0,
        "ordinal": 300,
        "time_model_role_id": 0,
        "id": 75,
        "name": "904b4204-55d0-481f-9f2e-1f252233bcb3",
        "version": 637328421182350000,
        "metadata": {
          "creation_time": 637328421182350000,
          "modification_time": 637328421182350000,
          "tags": [],
          "caller_role": "NONE"
        }
      },
      "tags": [],
      "software_version": 1
    },
    {
      "id": 76,
      "path": "/",
      "name": "db582612-6f67-4d58-94cc-0185dc4c6edb",
      "type": "TableColumn",
      "creation_time": 0,
      "modification_time": 0,
      "inner_item": {
        "$type": "TableColumnDto",
        "poe": 50,
        "pbe": 54,
        "prefix": "",
        "is_primary": false,
        "history_type": "N",
        "block": 0,
        "ordinal": 400,
        "time_model_role_id": 0,
        "id": 76,
        "name": "db582612-6f67-4d58-94cc-0185dc4c6edb",
        "version": 637328421182350000,
        "metadata": {
          "creation_time": 637328421182350000,
          "modification_time": 637328421182350000,
          "tags": [],
          "caller_role": "NONE"
        }
      },
      "tags": [],
      "software_version": 1
    },
    {
      "id": 77,
      "path": "/",
      "name": "082f3417-90e2-439b-95d3-c5f6407e91fd",
      "type": "TableColumn",
      "creation_time": 0,
      "modification_time": 0,
      "inner_item": {
        "$type": "TableColumnDto",
        "poe": 50,
        "pbe": 55,
        "prefix": "",
        "is_primary": false,
        "history_type": "N",
        "block": 0,
        "ordinal": 500,
        "time_model_role_id": 0,
        "id": 77,
        "name": "082f3417-90e2-439b-95d3-c5f6407e91fd",
        "version": 637328421182350000,
        "metadata": {
          "creation_time": 637328421182350000,
          "modification_time": 637328421182350000,
          "tags": [],
          "caller_role": "NONE"
        }
      },
      "tags": [],
      "software_version": 1
    },
    {
      "id": 78,
      "path": "/",
      "name": "0dfc6f96-a6a9-4d37-8023-aeb792d93773",
      "type": "TableColumn",
      "creation_time": 0,
      "modification_time": 0,
      "inner_item": {
        "$type": "TableColumnDto",
        "poe": 50,
        "pbe": 56,
        "prefix": "",
        "is_primary": false,
        "history_type": "N",
        "block": 0,
        "ordinal": 600,
        "time_model_role_id": 0,
        "id": 78,
        "name": "0dfc6f96-a6a9-4d37-8023-aeb792d93773",
        "version": 637328421182350000,
        "metadata": {
          "creation_time": 637328421182350000,
          "modification_time": 637328421182350000,
          "tags": [],
          "caller_role": "NONE"
        }
      },
      "tags": [],
      "software_version": 1
    },
    {
      "id": 79,
      "path": "/",
      "name": "6aa3a61a-73f8-4339-a140-344d4887ebcc",
      "type": "TableColumn",
      "creation_time": 0,
      "modification_time": 0,
      "inner_item": {
        "$type": "TableColumnDto",
        "poe": 50,
        "pbe": 57,
        "prefix": "",
        "is_primary": false,
        "history_type": "N",
        "block": 0,
        "ordinal": 700,
        "time_model_role_id": 0,
        "id": 79,
        "name": "6aa3a61a-73f8-4339-a140-344d4887ebcc",
        "version": 637328421182350000,
        "metadata": {
          "creation_time": 637328421182350000,
          "modification_time": 637328421182350000,
          "tags": [],
          "caller_role": "NONE"
        }
      },
      "tags": [],
      "software_version": 1
    },
    {
      "id": 80,
      "path": "/",
      "name": "47c215d5-09cc-43c4-bb10-c4f3764fb607",
      "type": "TableColumn",
      "creation_time": 0,
      "modification_time": 0,
      "inner_item": {
        "$type": "TableColumnDto",
        "poe": 50,
        "pbe": 58,
        "prefix": "",
        "is_primary": false,
        "history_type": "N",
        "block": 0,
        "ordinal": 800,
        "time_model_role_id": 0,
        "id": 80,
        "name": "47c215d5-09cc-43c4-bb10-c4f3764fb607",
        "version": 637328421182350000,
        "metadata": {
          "creation_time": 637328421182350000,
          "modification_time": 637328421182350000,
          "tags": [],
          "caller_role": "NONE"
        }
      },
      "tags": [],
      "software_version": 1
    },
    {
      "id": 81,
      "path": "/",
      "name": "1f3dc6cd-d04c-4f41-8587-98e66cbcb835",
      "type": "TableColumn",
      "creation_time": 0,
      "modification_time": 0,
      "inner_item": {
        "$type": "TableColumnDto",
        "poe": 50,
        "pbe": 59,
        "prefix": "",
        "is_primary": false,
        "history_type": "N",
        "block": 0,
        "ordinal": 900,
        "time_model_role_id": 0,
        "id": 81,
        "name": "1f3dc6cd-d04c-4f41-8587-98e66cbcb835",
        "version": 637328421182350000,
        "metadata": {
          "creation_time": 637328421182350000,
          "modification_time": 637328421182350000,
          "tags": [],
          "caller_role": "NONE"
        }
      },
      "tags": [],
      "software_version": 1
    },
    {
      "id": 82,
      "path": "/",
      "name": "a76bbb1d-a868-4582-a15d-ec4463ba6efe",
      "type": "TableColumn",
      "creation_time": 0,
      "modification_time": 0,
      "inner_item": {
        "$type": "TableColumnDto",
        "poe": 60,
        "pbe": 62,
        "prefix": "",
        "is_primary": false,
        "history_type": "N",
        "block": 0,
        "ordinal": 200,
        "time_model_role_id": 0,
        "id": 82,
        "name": "a76bbb1d-a868-4582-a15d-ec4463ba6efe",
        "version": 637328421182350000,
        "metadata": {
          "creation_time": 637328421182350000,
          "modification_time": 637328421182350000,
          "tags": [],
          "caller_role": "NONE"
        }
      },
      "tags": [],
      "software_version": 1
    },
    {
      "id": 83,
      "path": "/",
      "name": "849f5642-4d31-4349-b32b-aff44a7a8634",
      "type": "TableColumn",
      "creation_time": 0,
      "modification_time": 0,
      "inner_item": {
        "$type": "TableColumnDto",
        "poe": 60,
        "pbe": 63,
        "prefix": "",
        "is_primary": false,
        "history_type": "N",
        "block": 0,
        "ordinal": 300,
        "time_model_role_id": 0,
        "id": 83,
        "name": "849f5642-4d31-4349-b32b-aff44a7a8634",
        "version": 637328421182350000,
        "metadata": {
          "creation_time": 637328421182350000,
          "modification_time": 637328421182350000,
          "tags": [],
          "caller_role": "NONE"
        }
      },
      "tags": [],
      "software_version": 1
    },
    {
      "id": 84,
      "path": "/",
      "name": "d231facd-facc-45b4-91a7-04cee13e4257",
      "type": "TableColumn",
      "creation_time": 0,
      "modification_time": 0,
      "inner_item": {
        "$type": "TableColumnDto",
        "poe": 60,
        "pbe": 64,
        "prefix": "",
        "is_primary": false,
        "history_type": "N",
        "block": 0,
        "ordinal": 400,
        "time_model_role_id": 0,
        "id": 84,
        "name": "d231facd-facc-45b4-91a7-04cee13e4257",
        "version": 637328421182350000,
        "metadata": {
          "creation_time": 637328421182350000,
          "modification_time": 637328421182350000,
          "tags": [],
          "caller_role": "NONE"
        }
      },
      "tags": [],
      "software_version": 1
    },
    {
      "id": 85,
      "path": "/",
      "name": "25b2dc7d-5dd6-4ae0-823c-71a3fb22fdb3",
      "type": "TableColumn",
      "creation_time": 0,
      "modification_time": 0,
      "inner_item": {
        "$type": "TableColumnDto",
        "poe": 60,
        "pbe": 65,
        "prefix": "",
        "is_primary": false,
        "history_type": "N",
        "block": 0,
        "ordinal": 500,
        "time_model_role_id": 0,
        "id": 85,
        "name": "25b2dc7d-5dd6-4ae0-823c-71a3fb22fdb3",
        "version": 637328421182350000,
        "metadata": {
          "creation_time": 637328421182350000,
          "modification_time": 637328421182350000,
          "tags": [],
          "caller_role": "NONE"
        }
      },
      "tags": [],
      "software_version": 1
    },
    {
      "id": 86,
      "path": "/",
      "name": "687ba8ad-350a-446a-9a79-6e2a1b629ad0",
      "type": "TableColumn",
      "creation_time": 0,
      "modification_time": 0,
      "inner_item": {
        "$type": "TableColumnDto",
        "poe": 60,
        "pbe": 66,
        "prefix": "",
        "is_primary": false,
        "history_type": "N",
        "block": 0,
        "ordinal": 600,
        "time_model_role_id": 0,
        "id": 86,
        "name": "687ba8ad-350a-446a-9a79-6e2a1b629ad0",
        "version": 637328421182350000,
        "metadata": {
          "creation_time": 637328421182350000,
          "modification_time": 637328421182350000,
          "tags": [],
          "caller_role": "NONE"
        }
      },
      "tags": [],
      "software_version": 1
    },
    {
      "id": 87,
      "path": "/",
      "name": "fd8d7a22-13ad-45d7-b6d5-1b793f06f08a",
      "type": "TableColumn",
      "creation_time": 0,
      "modification_time": 0,
      "inner_item": {
        "$type": "TableColumnDto",
        "poe": 60,
        "pbe": 67,
        "prefix": "",
        "is_primary": false,
        "history_type": "N",
        "block": 0,
        "ordinal": 700,
        "time_model_role_id": 0,
        "id": 87,
        "name": "fd8d7a22-13ad-45d7-b6d5-1b793f06f08a",
        "version": 637328421182350000,
        "metadata": {
          "creation_time": 637328421182350000,
          "modification_time": 637328421182350000,
          "tags": [],
          "caller_role": "NONE"
        }
      },
      "tags": [],
      "software_version": 1
    },
    {
      "id": 88,
      "path": "/",
      "name": "8bb9d628-6d58-4926-bfb1-62b0460890f0",
      "type": "TableColumn",
      "creation_time": 0,
      "modification_time": 0,
      "inner_item": {
        "$type": "TableColumnDto",
        "poe": 60,
        "pbe": 68,
        "prefix": "",
        "is_primary": false,
        "history_type": "N",
        "block": 0,
        "ordinal": 800,
        "time_model_role_id": 0,
        "id": 88,
        "name": "8bb9d628-6d58-4926-bfb1-62b0460890f0",
        "version": 637328421182350000,
        "metadata": {
          "creation_time": 637328421182350000,
          "modification_time": 637328421182350000,
          "tags": [],
          "caller_role": "NONE"
        }
      },
      "tags": [],
      "software_version": 1
    },
    {
      "id": 89,
      "path": "/",
      "name": "74ff5c08-ea6a-4d63-9b8a-46eba1462cb9",
      "type": "TableColumn",
      "creation_time": 0,
      "modification_time": 0,
      "inner_item": {
        "$type": "TableColumnDto",
        "poe": 60,
        "pbe": 69,
        "prefix": "",
        "is_primary": false,
        "history_type": "N",
        "block": 0,
        "ordinal": 900,
        "time_model_role_id": 0,
        "id": 89,
        "name": "74ff5c08-ea6a-4d63-9b8a-46eba1462cb9",
        "version": 637328421182350000,
        "metadata": {
          "creation_time": 637328421182350000,
          "modification_time": 637328421182350000,
          "tags": [],
          "caller_role": "NONE"
        }
      },
      "tags": [],
      "software_version": 1
    },
    {
      "id": 90,
      "path": "/",
      "name": "5f0e8354-ee1d-41ec-aa7a-3b545b233a4b",
      "type": "TableColumn",
      "creation_time": 0,
      "modification_time": 0,
      "inner_item": {
        "$type": "TableColumnDto",
        "poe": 60,
        "pbe": 70,
        "prefix": "",
        "is_primary": false,
        "history_type": "N",
        "block": 0,
        "ordinal": 1000,
        "time_model_role_id": 0,
        "id": 90,
        "name": "5f0e8354-ee1d-41ec-aa7a-3b545b233a4b",
        "version": 637328421182350000,
        "metadata": {
          "creation_time": 637328421182350000,
          "modification_time": 637328421182350000,
          "tags": [],
          "caller_role": "NONE"
        }
      },
      "tags": [],
      "software_version": 1
    },
    {
      "id": 91,
      "path": "/",
      "name": "920b4c6f-f938-4781-aea1-84451c94df36",
      "type": "TableColumn",
      "creation_time": 0,
      "modification_time": 0,
      "inner_item": {
        "$type": "TableColumnDto",
        "poe": 60,
        "pbe": 71,
        "prefix": "",
        "is_primary": false,
        "history_type": "N",
        "block": 0,
        "ordinal": 1100,
        "time_model_role_id": 0,
        "id": 91,
        "name": "920b4c6f-f938-4781-aea1-84451c94df36",
        "version": 637328421182350000,
        "metadata": {
          "creation_time": 637328421182350000,
          "modification_time": 637328421182350000,
          "tags": [],
          "caller_role": "NONE"
        }
      },
      "tags": [],
      "software_version": 1
    },
    {
      "id": 92,
      "path": "/",
      "name": "cf4e9800-bc08-4192-a853-318e0179f20f",
      "type": "TableColumn",
      "creation_time": 0,
      "modification_time": 0,
      "inner_item": {
        "$type": "TableColumnDto",
        "poe": 60,
        "pbe": 58,
        "prefix": "",
        "is_primary": false,
        "history_type": "N",
        "block": 0,
        "ordinal": 1200,
        "time_model_role_id": 0,
        "id": 92,
        "name": "cf4e9800-bc08-4192-a853-318e0179f20f",
        "version": 637328421182350000,
        "metadata": {
          "creation_time": 637328421182350000,
          "modification_time": 637328421182350000,
          "tags": [],
          "caller_role": "NONE"
        }
      },
      "tags": [],
      "software_version": 1
    },
    {
      "id": 93,
      "path": "/",
      "name": "2c019f48-e5b1-49a8-9ebc-a6c99f7a4493",
      "type": "TableColumn",
      "creation_time": 0,
      "modification_time": 0,
      "inner_item": {
        "$type": "TableColumnDto",
        "poe": 60,
        "pbe": 59,
        "prefix": "",
        "is_primary": false,
        "history_type": "N",
        "block": 0,
        "ordinal": 1300,
        "time_model_role_id": 0,
        "id": 93,
        "name": "2c019f48-e5b1-49a8-9ebc-a6c99f7a4493",
        "version": 637328421182350000,
        "metadata": {
          "creation_time": 637328421182350000,
          "modification_time": 637328421182350000,
          "tags": [],
          "caller_role": "NONE"
        }
      },
      "tags": [],
      "software_version": 1
    },
    {
      "id": 96,
      "path": "/",
      "name": "Map_address_Sales",
      "type": "Mapping",
      "creation_time": 0,
      "modification_time": 0,
      "inner_item": {
        "$type": "MappingDto",
        "entity_id": 50,
        "is_active_mapping_pi": false,
        "schema": "landing_dke",
        "database_id": 5,
        "table_name": "address",
        "mapping_type": "TABLE",
        "is_aggregated": false,
        "mapping_fields": [
          {
            "mapping_type": "DIRECT",
            "source_col_name": "header__deleted",
            "staging_col_name_int": "header__deleted"
          },
          {
            "mapping_type": "DIRECT",
            "source_col_name": "AddressID",
            "staging_col_name_int": "COLID_72_51"
          },
          {
            "mapping_type": "DIRECT",
            "source_col_name": "AddressLine1",
            "staging_col_name_int": "COLID_74_52"
          },
          {
            "mapping_type": "DIRECT",
            "source_col_name": "AddressLine2",
            "staging_col_name_int": "COLID_75_53"
          },
          {
            "mapping_type": "DIRECT",
            "source_col_name": "City",
            "staging_col_name_int": "COLID_76_54"
          },
          {
            "mapping_type": "DIRECT",
            "source_col_name": "StateProvinceID",
            "staging_col_name_int": "COLID_77_55"
          },
          {
            "mapping_type": "DIRECT",
            "source_col_name": "PostalCode",
            "staging_col_name_int": "COLID_78_56"
          },
          {
            "mapping_type": "DIRECT",
            "source_col_name": "SpatialLocation",
            "staging_col_name_int": "COLID_79_57"
          },
          {
            "mapping_type": "DIRECT",
            "source_col_name": "rowguid",
            "staging_col_name_int": "COLID_80_58"
          },
          {
            "mapping_type": "DIRECT",
            "source_col_name": "ModifiedDate",
            "staging_col_name_int": "COLID_81_59"
          }
        ],
        "mapping_query": "",
        "data_quality_rules": [
          {
            "action": "REJECT_AND_REPORT",
            "type": "EXPRESSION",
            "name": "Business Keys cannot be NULL",
            "enabled": false,
            "order": 0,
            "is_internal": true
          }
        ],
        "cleansing_rules": [],
        "null_behaviour": "USE_ETL_SETTING",
        "id": 96,
        "name": "Map_address_Sales",
        "version": 637328421182680000,
        "metadata": {
          "creation_time": 637328421182520000,
          "modification_time": 637328421182680000,
          "tags": [],
          "caller_role": "NONE"
        }
      },
      "tags": [],
      "software_version": 2
    },
    {
      "id": 97,
      "path": "/",
      "name": "Map_person_Sales",
      "type": "Mapping",
      "creation_time": 0,
      "modification_time": 0,
      "inner_item": {
        "$type": "MappingDto",
        "entity_id": 60,
        "is_active_mapping_pi": false,
        "schema": "landing_dke",
        "database_id": 5,
        "table_name": "person",
        "mapping_type": "TABLE",
        "filter": {
          "alias": []
        },
        "is_aggregated": false,
        "mapping_fields": [
          {
            "mapping_type": "DIRECT",
            "source_col_name": "header__deleted",
            "staging_col_name_int": "header__deleted",
            "expression": {
              "alias": []
            },
            "lookup": {
              "lookup_table_database_id": 0,
              "mapping_type": "TABLE",
              "lookup_table_join_fields": [],
              "lookup_expression": {
                "alias": []
              },
              "lookup_result_expression": {
                "alias": []
              },
              "expression_mode": "ADVANCED"
            }
          },
          {
            "mapping_type": "DIRECT",
            "source_col_name": "BusinessEntityID",
            "staging_col_name_int": "COLID_73_61",
            "expression": {
              "alias": []
            },
            "lookup": {
              "lookup_table_database_id": 0,
              "mapping_type": "TABLE",
              "lookup_table_join_fields": [],
              "lookup_expression": {
                "alias": []
              },
              "lookup_result_expression": {
                "alias": []
              },
              "expression_mode": "ADVANCED"
            }
          },
          {
            "mapping_type": "DIRECT",
            "source_col_name": "PersonType",
            "staging_col_name_int": "COLID_82_62",
            "expression": {
              "alias": []
            },
            "lookup": {
              "lookup_table_database_id": 0,
              "mapping_type": "TABLE",
              "lookup_table_join_fields": [],
              "lookup_expression": {
                "alias": []
              },
              "lookup_result_expression": {
                "alias": []
              },
              "expression_mode": "ADVANCED"
            }
          },
          {
            "mapping_type": "DIRECT",
            "source_col_name": "NameStyle",
            "staging_col_name_int": "COLID_83_63",
            "expression": {
              "alias": []
            },
            "lookup": {
              "lookup_table_database_id": 0,
              "mapping_type": "TABLE",
              "lookup_table_join_fields": [],
              "lookup_expression": {
                "alias": []
              },
              "lookup_result_expression": {
                "alias": []
              },
              "expression_mode": "ADVANCED"
            }
          },
          {
            "mapping_type": "DIRECT",
            "source_col_name": "Title",
            "staging_col_name_int": "COLID_84_64",
            "expression": {
              "alias": []
            },
            "lookup": {
              "lookup_table_database_id": 0,
              "mapping_type": "TABLE",
              "lookup_table_join_fields": [],
              "lookup_expression": {
                "alias": []
              },
              "lookup_result_expression": {
                "alias": []
              },
              "expression_mode": "ADVANCED"
            }
          },
          {
            "mapping_type": "DIRECT",
            "source_col_name": "FirstName",
            "staging_col_name_int": "COLID_85_65",
            "expression": {
              "alias": []
            },
            "lookup": {
              "lookup_table_database_id": 0,
              "mapping_type": "TABLE",
              "lookup_table_join_fields": [],
              "lookup_expression": {
                "alias": []
              },
              "lookup_result_expression": {
                "alias": []
              },
              "expression_mode": "ADVANCED"
            }
          },
          {
            "mapping_type": "DIRECT",
            "source_col_name": "MiddleName",
            "staging_col_name_int": "COLID_86_66",
            "expression": {
              "alias": []
            },
            "lookup": {
              "lookup_table_database_id": 0,
              "mapping_type": "TABLE",
              "lookup_table_join_fields": [],
              "lookup_expression": {
                "alias": []
              },
              "lookup_result_expression": {
                "alias": []
              },
              "expression_mode": "ADVANCED"
            }
          },
          {
            "mapping_type": "DIRECT",
            "source_col_name": "LastName",
            "staging_col_name_int": "COLID_87_67",
            "expression": {
              "alias": []
            },
            "lookup": {
              "lookup_table_database_id": 0,
              "mapping_type": "TABLE",
              "lookup_table_join_fields": [],
              "lookup_expression": {
                "alias": []
              },
              "lookup_result_expression": {
                "alias": []
              },
              "expression_mode": "ADVANCED"
            }
          },
          {
            "mapping_type": "DIRECT",
            "source_col_name": "Suffix",
            "staging_col_name_int": "COLID_88_68",
            "expression": {
              "alias": []
            },
            "lookup": {
              "lookup_table_database_id": 0,
              "mapping_type": "TABLE",
              "lookup_table_join_fields": [],
              "lookup_expression": {
                "alias": []
              },
              "lookup_result_expression": {
                "alias": []
              },
              "expression_mode": "ADVANCED"
            }
          },
          {
            "mapping_type": "DIRECT",
            "source_col_name": "EmailPromotion",
            "staging_col_name_int": "COLID_89_69",
            "expression": {
              "alias": []
            },
            "lookup": {
              "lookup_table_database_id": 0,
              "mapping_type": "TABLE",
              "lookup_table_join_fields": [],
              "lookup_expression": {
                "alias": []
              },
              "lookup_result_expression": {
                "alias": []
              },
              "expression_mode": "ADVANCED"
            }
          },
          {
            "mapping_type": "DIRECT",
            "source_col_name": "AdditionalContactInfo",
            "staging_col_name_int": "COLID_90_70",
            "expression": {
              "alias": []
            },
            "lookup": {
              "lookup_table_database_id": 0,
              "mapping_type": "TABLE",
              "lookup_table_join_fields": [],
              "lookup_expression": {
                "alias": []
              },
              "lookup_result_expression": {
                "alias": []
              },
              "expression_mode": "ADVANCED"
            }
          },
          {
            "mapping_type": "DIRECT",
            "source_col_name": "Demographics",
            "staging_col_name_int": "COLID_91_71",
            "expression": {
              "alias": []
            },
            "lookup": {
              "lookup_table_database_id": 0,
              "mapping_type": "TABLE",
              "lookup_table_join_fields": [],
              "lookup_expression": {
                "alias": []
              },
              "lookup_result_expression": {
                "alias": []
              },
              "expression_mode": "ADVANCED"
            }
          },
          {
            "mapping_type": "DIRECT",
            "source_col_name": "rowguid",
            "staging_col_name_int": "COLID_92_58",
            "expression": {
              "alias": []
            },
            "lookup": {
              "lookup_table_database_id": 0,
              "mapping_type": "TABLE",
              "lookup_table_join_fields": [],
              "lookup_expression": {
                "alias": []
              },
              "lookup_result_expression": {
                "alias": []
              },
              "expression_mode": "ADVANCED"
            }
          },
          {
            "mapping_type": "DIRECT",
            "source_col_name": "ModifiedDate",
            "staging_col_name_int": "COLID_93_59",
            "expression": {
              "alias": []
            },
            "lookup": {
              "lookup_table_database_id": 0,
              "mapping_type": "TABLE",
              "lookup_table_join_fields": [],
              "lookup_expression": {
                "alias": []
              },
              "lookup_result_expression": {
                "alias": []
              },
              "expression_mode": "ADVANCED"
            }
          }
        ],
        "data_quality_rules": [
          {
            "action": "REJECT_AND_REPORT",
            "type": "EXPRESSION",
            "name": "Business Keys cannot be NULL",
            "enabled": false,
            "order": 0,
            "is_internal": true,
            "rule": {
              "alias": []
            }
          }
        ],
        "cleansing_rules": [],
        "null_behaviour": "USE_ETL_SETTING",
        "id": 97,
        "name": "Map_person_Sales",
        "version": 637328424397800000,
        "metadata": {
          "creation_time": 637328421182710000,
          "modification_time": 637328424397800000,
          "tags": [],
          "caller_role": "NONE"
        }
      },
      "tags": [],
      "software_version": 2
    },
    {
      "id": 94,
      "path": "/",
      "name": "Sales",
      "type": "ETLInfo",
      "creation_time": 0,
      "modification_time": 0,
      "inner_item": {
        "$type": "ETLInfoDto",
        "data": {
          "seqr_processing": false,
          "FULLREBUILD": false,
          "SELOFRUNS": 0,
          "EMPTYRUNNRSTABLE": true,
          "INSERTRUNNRSTABLE": true,
          "MAXCDC_COLUMNS": 10,
          "SPLITRELSANDATTS": false,
          "STOPAFTERSTAGING": false,
          "PARAM_RUNNR": "1",
          "Using_Max_partitions_for_CDC": false,
          "Max_partitions_for_CDC": 0,
          "dm_cohorts": [],
          "engine_settings": {
            "thread_connection_settings": {
              "thread_pool_size": 10,
              "thread_pool_max": 18,
              "thread_queue_max": 10000,
              "thread_timeout": 3000
            },
            "database_connection_settings": {
              "db_pool_size": 200,
              "db_reap_interval": 30000,
              "db_lease_timeout": 60000,
              "print_db_leases": false
            },
            "engine_logging_settings": {
              "log_level": "INFO",
              "log_file": "$project-path$\\$task-name$\\$task-name$_Log.log",
              "log_file_timestamp": true,
              "log_console": true,
              "log_stack_trace": false,
              "log_jdbc_driver_output": false,
              "log_mapping_fields": false,
              "log_mapping_values": false,
              "log_sync_provider_output": false,
              "log_prep_statmt_bindings": false,
              "log_dbms_leasing": false,
              "log_table_contents": false,
              "log_sql_monitor_output": false,
              "log_param_substitution": false,
              "log_mop_ids": false,
              "log_java_env": false,
              "log_mopping_state": false,
              "log_table_cache_rows": 20,
              "print_final_log": false,
              "print_dbms_info": false,
              "create_missing_tables": false
            },
            "mopping_thread_settings": {
              "mop_direct_write": false,
              "mop_thread_pool_size": 18,
              "mop_thread_pool_max": 18,
              "mop_thread_queue_max": 2500,
              "mop_thread_timeout": 3000,
              "mop_write_queue_max": 100,
              "mop_no_id_ledelins": true,
              "mop_without_write": false
            },
            "general_settings": {
              "java_mem": "-Xms1024M -Xmx4096M",
              "stt_date": "NOW",
              "up_ddate": "NOW",
              "tgt_os": "MSWL",
              "tgt_sh": "cmd",
              "validate_data_types": false,
              "validate_only": false,
              "fetch_size": 1000,
              "batch_max_rows": 20,
              "nr_of_committed_rows": 10000,
              "parameter_worm": true,
              "instruction_delay": false,
              "memory_reaper": false,
              "ORACLE_DATADIRECT": false,
              "ORACLE_TNSNAMES": "",
              "SQLSERVER_DATADIRECT": false,
              "SQLSERVER_DRIVER_1_1": true,
              "JTDS": false,
              "DB2_DATADIRECT": false,
              "encrypted_password": true,
              "change_processing_by_query": false
            },
            "advanced_settings": {
              "retain_stg_tables": false,
              "retain_imt_tables": false,
              "imt_tables_volatile": false,
              "write_etl_cmnds_to_db": false
            },
            "spark_settings": {
              "properties": {}
            }
          },
          "workflow_position": 1,
          "dwh_full_load": true,
          "dm_enable_table_logging": false,
          "allow_updating_to_null": false,
          "from_date_unmapped_value": "LOWEST",
          "CDC__delay": 0
        },
        "active_mappings": [
          96,
          97
        ],
        "entity_action": [],
        "etl_type": "DataWarehouse",
        "active_custom_etls": [],
        "uuid": "fdbb23f0-2bde-4e8c-9cd0-1e2922238845",
        "task_Stage": "DataWarehouse",
        "id": 94,
        "name": "Sales",
        "version": 637328424742910000,
        "metadata": {
          "creation_time": 637328421182480000,
          "modification_time": 637328424742910000,
          "tags": [],
          "caller_role": "NONE"
        }
      },
      "tags": [],
      "software_version": 2
    },
    {
      "id": 95,
      "path": "/",
      "name": "Sales_CDC",
      "type": "ETLInfo",
      "creation_time": 0,
      "modification_time": 0,
      "inner_item": {
        "$type": "ETLInfoDto",
        "data": {
          "seqr_processing": false,
          "FULLREBUILD": false,
          "SELOFRUNS": 0,
          "EMPTYRUNNRSTABLE": true,
          "INSERTRUNNRSTABLE": true,
          "MAXCDC_COLUMNS": 10,
          "SPLITRELSANDATTS": false,
          "STOPAFTERSTAGING": false,
          "PARAM_RUNNR": "1",
          "Using_Max_partitions_for_CDC": false,
          "Max_partitions_for_CDC": 0,
          "dm_cohorts": [],
          "engine_settings": {
            "thread_connection_settings": {
              "thread_pool_size": 10,
              "thread_pool_max": 18,
              "thread_queue_max": 10000,
              "thread_timeout": 3000
            },
            "database_connection_settings": {
              "db_pool_size": 200,
              "db_reap_interval": 30000,
              "db_lease_timeout": 60000,
              "print_db_leases": false
            },
            "engine_logging_settings": {
              "log_level": "INFO",
              "log_file": "$project-path$\\$task-name$\\$task-name$_Log.log",
              "log_file_timestamp": true,
              "log_console": true,
              "log_stack_trace": false,
              "log_jdbc_driver_output": false,
              "log_mapping_fields": false,
              "log_mapping_values": false,
              "log_sync_provider_output": false,
              "log_prep_statmt_bindings": false,
              "log_dbms_leasing": false,
              "log_table_contents": false,
              "log_sql_monitor_output": false,
              "log_param_substitution": false,
              "log_mop_ids": false,
              "log_java_env": false,
              "log_mopping_state": false,
              "log_table_cache_rows": 20,
              "print_final_log": false,
              "print_dbms_info": false,
              "create_missing_tables": false
            },
            "mopping_thread_settings": {
              "mop_direct_write": false,
              "mop_thread_pool_size": 18,
              "mop_thread_pool_max": 18,
              "mop_thread_queue_max": 2500,
              "mop_thread_timeout": 3000,
              "mop_write_queue_max": 100,
              "mop_no_id_ledelins": true,
              "mop_without_write": false
            },
            "general_settings": {
              "java_mem": "-Xms1024M -Xmx4096M",
              "stt_date": "NOW",
              "up_ddate": "NOW",
              "tgt_os": "MSWL",
              "tgt_sh": "cmd",
              "validate_data_types": false,
              "validate_only": false,
              "fetch_size": 1000,
              "batch_max_rows": 20,
              "nr_of_committed_rows": 10000,
              "parameter_worm": true,
              "instruction_delay": false,
              "memory_reaper": false,
              "ORACLE_DATADIRECT": false,
              "ORACLE_TNSNAMES": "",
              "SQLSERVER_DATADIRECT": false,
              "SQLSERVER_DRIVER_1_1": true,
              "JTDS": false,
              "DB2_DATADIRECT": false,
              "encrypted_password": true,
              "change_processing_by_query": false
            },
            "advanced_settings": {
              "retain_stg_tables": false,
              "retain_imt_tables": false,
              "imt_tables_volatile": false,
              "write_etl_cmnds_to_db": false
            },
            "spark_settings": {
              "properties": {}
            }
          },
          "workflow_position": 1,
          "dwh_full_load": false,
          "dm_enable_table_logging": false,
          "allow_updating_to_null": false,
          "from_date_unmapped_value": "LOWEST",
          "CDC__delay": 0
        },
        "active_mappings": [
          96,
          97
        ],
        "entity_action": [
          {
            "handle_duplicates": true,
            "ext_load": false,
            "entity_id": 50
          },
          {
            "handle_duplicates": true,
            "ext_load": false,
            "entity_id": 60
          }
        ],
        "etl_type": "DataWarehouse_CDC",
        "active_custom_etls": [],
        "uuid": "49db5f3e-b193-4b70-8c40-29e3a309d3be",
        "task_Stage": "DataWarehouse_CDC",
        "id": 95,
        "name": "Sales_CDC",
        "version": 637328426633330000,
        "metadata": {
          "creation_time": 637328421182490000,
          "modification_time": 637328426633330000,
          "tags": [],
          "caller_role": "NONE"
        }
      },
      "tags": [],
      "software_version": 2
    }
  ]
}