{
  "product_name": "ComposeForDataLakes",
  "product_version": "6.6.0.337",
  "created_on": "08/12/2020 13:13:44",
  "objects": [
    {
      "id": 1,
      "path": "/",
      "name": "settings",
      "type": "ACProjectSettings",
      "creation_time": 0,
      "modification_time": 0,
      "inner_item": {
        "$type": "ACProjectSettings",
        "lowest_date": "1780-01-01",
        "highest_date": "9999-12-31",
        "unknown_date": "7777-07-07",
        "unknown_string": "Unknown",
        "map_name_prefix": "Map",
        "stop_after_staging": false,
        "use_datetime2": false,
        "unknown_guid": "00000000-0000-0000-0000-000000000000",
        "unknown_number": "0",
        "unknown_byte": "0",
        "dwh_key_name": "ID",
        "naming_conv": {
          "dwh_prefix": "",
          "hub_suffix": "",
          "sat_suffix": "",
          "lnk_suffix": "_L",
          "dma_prefix": "TDMA_",
          "dwh_view_prefix": "v_",
          "replicate_change_table_suffix": "__ct",
          "error_mart_suffix": "__ex",
          "dma_view_prefix": "VDMA_",
          "ct_archive_suffix": "__ar",
          "current_view_name_suffix": "_current",
          "column_prefix": "header__",
          "from_date_suffix": "from_date",
          "to_date_suffix": "to_date",
          "soft_delete_suffix": "deleted",
          "created_batch_suffix": "created_batch",
          "modified_batch_suffix": "modified_batch",
          "dropped_column_suffix": "__dropped",
          "control_table_prefix": "attcmps_",
          "provisioning_table_prefix": ""
        },
        "create_ddl_scripts_only": false,
        "ignore_data_type_check": false,
        "write_tdwm_to_db": false,
        "hide_default_workflows": false,
        "exclude_to_date": true,
        "acid_transactions": true,
        "big_data_project_type": "OPERATIONAL_DATASTORE",
        "dwh_type": "DATABRICKSDELTA",
        "rno_ins": "RUNNO_INSERT",
        "rno_upd": "RUNNO_UPDATE",
        "soft_delete": true,
        "hard_delete": false,
        "user_var_list": {
          "usrvarlst": []
        },
        "uuid": "5110153b-082c-4a90-9ba6-4046de33f98e",
        "get_md_via_select_query": false,
        "defaults_base_location": {
          "hdfs_provisioning_defaults": {
            "hive_external_table": false
          },
          "s3_storage_provisioning_defaults": {
            "hive_external_table": false
          },
          "azure_gen1_provisioning_defaults": {
            "hive_external_table": false
          },
          "azure_gen2_provisioning_defaults": {
            "hive_external_table": false
          },
          "google_storage_provisioning_defaults": {
            "hive_external_table": false
          }
        },
        "name": "settings",
        "version": 637315014307210000,
        "metadata": {
          "creation_time": 637315014284690000,
          "modification_time": 637315014307210000,
          "tags": [],
          "caller_role": "NONE"
        }
      },
      "tags": [],
      "software_version": 3
    },
    {
      "id": 3,
      "path": "/",
      "name": "Storage",
      "type": "Database",
      "creation_time": 0,
      "modification_time": 0,
      "inner_item": {
        "$type": "DatabaseDto",
        "usage": "DATA_WAREHOUSE",
        "dbms": "Databricks Delta",
        "server_name": "adb-5830719978763453.13.azuredatabricks.net",
        "database_name": "",
        "user_name": "token",
        "password": "",
        "included_schemas": "storage_dke",
        "templateDatabaseType": "DATABRICKSDELTA",
        "dma_schema": "ingestion_dke",
        "original_sourcedb_id": 0,
        "has_source_definition": false,
        "landing_zone": {
          "landing_type": "DATABASE",
          "replicate_task_type": "FULL_LOAD_AND_CDC",
          "associate_with_replicate_task": false,
          "archive_settings": {
            "$type": "HiveArchiveSettings",
            "archive_format": "ORC",
            "ct_post_processing": "DO_NOTHING"
          }
        },
        "display_name": "Databricks Delta",
        "port": 443,
        "db_settings": {
          "$type": "DatabricksDbSettings",
          "use_buckets": true,
          "number_of_buckets": 10,
          "format": "ORC",
          "authentication_type": "DATABRICKS_DELTA",
          "authentication_settings": {
            "$type": "DatabricksConfiguration",
            "gateway_path": "sql/protocolv1/o/5830719978763453/0505-193044-ducat719"
          },
          "ssl_configuration": {
            "use_ssl": false,
            "allow_self_signed_certs": false
          },
          "is_glue_metadata": false
        },
        "multibyte_character_multiplier": 1,
        "apply_ddl_changes": false,
        "max_table_cols_single_read": 100,
        "uuid": "5a6e47e2-6236-40b4-b7b1-60122fe81f9a",
        "use_long_object_names": false,
        "use_zoo_keeper": false,
        "zoo_keeper_namespace": "hiveserver2",
        "cache_only_the_discovered_tables": true,
        "full_connection_string": {
          "enabled": false
        },
        "id": 3,
        "name": "Storage",
        "version": 637323435264660000,
        "metadata": {
          "creation_time": 637315015070580000,
          "modification_time": 637323435264660000,
          "tags": [],
          "caller_role": "NONE"
        }
      },
      "tags": [],
      "software_version": 5
    },
    {
      "id": 4,
      "path": "/",
      "name": "Sales",
      "type": "Database",
      "creation_time": 0,
      "modification_time": 0,
      "inner_item": {
        "$type": "DatabaseDto",
        "usage": "SOURCE",
        "server_name": "",
        "database_name": "",
        "included_schemas": "*",
        "templateDatabaseType": "DATABRICKSDELTA",
        "dma_schema": "*",
        "original_sourcedb_id": 0,
        "has_source_definition": false,
        "landing_zone": {
          "landing_type": "DATABASE",
          "schema_name": "landing_dke",
          "replicate_task_type": "FULL_LOAD_AND_CDC",
          "replicate_task_name": "MySql to Databricks Azure",
          "associate_with_replicate_task": true,
          "replicate_server_name": "Replicate",
          "archive_settings": {
            "ct_post_processing": "DO_NOTHING"
          },
          "task_uuid": "72715af8-4595-6f43-9885-807768209d43"
        },
        "port": 0,
        "multibyte_character_multiplier": 1,
        "apply_ddl_changes": true,
        "max_table_cols_single_read": 100,
        "uuid": "52e76f00-f7ec-4e2b-8151-82e5508f8ef6",
        "use_long_object_names": false,
        "use_zoo_keeper": false,
        "zoo_keeper_namespace": "hiveserver2",
        "cache_only_the_discovered_tables": true,
        "full_connection_string": {
          "enabled": false
        },
        "id": 4,
        "name": "Sales",
        "version": 637321484834060000,
        "metadata": {
          "creation_time": 637315015515370000,
          "modification_time": 637321484834060000,
          "tags": [],
          "caller_role": "NONE"
        }
      },
      "tags": [],
      "software_version": 5
    },
    {
      "id": 5,
      "path": "/",
      "name": "Sales_Landing",
      "type": "Database",
      "creation_time": 0,
      "modification_time": 0,
      "inner_item": {
        "$type": "DatabaseDto",
        "usage": "SOURCE",
        "dbms": "Databricks Delta",
        "server_name": "adb-5830719978763453.13.azuredatabricks.net",
        "user_name": "token",
        "password": "",
        "included_schemas": "landing_dke",
        "templateDatabaseType": "DATABRICKSDELTA",
        "dma_schema": "landing_dke",
        "original_sourcedb_id": 4,
        "has_source_definition": true,
        "display_name": "Databricks Delta",
        "port": 443,
        "db_settings": {
          "$type": "DatabricksDbSettings",
          "use_buckets": true,
          "number_of_buckets": 10,
          "format": "ORC",
          "authentication_type": "DATABRICKS_DELTA",
          "authentication_settings": {
            "$type": "DatabricksConfiguration",
            "gateway_path": "sql/protocolv1/o/5830719978763453/0505-193044-ducat719"
          },
          "ssl_configuration": {
            "use_ssl": false,
            "allow_self_signed_certs": false
          },
          "is_glue_metadata": false
        },
        "multibyte_character_multiplier": 1,
        "apply_ddl_changes": true,
        "max_table_cols_single_read": 100,
        "original_sourcedb_name": "Sales",
        "uuid": "52e76f00-f7ec-4e2b-8151-82e5508f8ef6",
        "use_long_object_names": false,
        "use_zoo_keeper": false,
        "zoo_keeper_namespace": "hiveserver2",
        "cache_only_the_discovered_tables": true,
        "id": 5,
        "name": "Sales_Landing",
        "version": 637323435288930000,
        "metadata": {
          "creation_time": 637315015515530000,
          "modification_time": 637323435288930000,
          "tags": [],
          "caller_role": "NONE"
        }
      },
      "tags": [],
      "software_version": 5
    },
    {
      "id": 49,
      "path": "/",
      "name": "VersionControl",
      "type": "VersionControl",
      "creation_time": 0,
      "modification_time": 0,
      "inner_item": {
        "$type": "VersionControlDto",
        "type": "Git",
        "use_remote_server": true,
        "remote_url": "https://github.com/dedwardsqlik/ComposeDL.git",
        "user_name": "dedwardsqlik",
        "password": "",
        "name": "VersionControl",
        "version": 637328345671660000,
        "metadata": {
          "creation_time": 637328345671660000,
          "modification_time": 637328345671660000,
          "tags": [],
          "caller_role": "NONE"
        }
      },
      "tags": [],
      "software_version": 1
    },
    {
      "id": 7,
      "path": "/",
      "name": "BusinessEntityID",
      "type": "DomainAttribute",
      "creation_time": 0,
      "modification_time": 0,
      "inner_item": {
        "$type": "DomainAttributeDto",
        "type": "Integer",
        "length": 0,
        "scale": 0,
        "time_model_entity_id": 0,
        "is_reference_entity": false,
        "save_history": false,
        "id": 7,
        "name": "BusinessEntityID",
        "version": 637324036654110000,
        "metadata": {
          "creation_time": 637324036654110000,
          "modification_time": 637324036654110000,
          "tags": [],
          "caller_role": "NONE"
        }
      },
      "tags": [],
      "software_version": 2
    },
    {
      "id": 8,
      "path": "/",
      "name": "EmailAddressID",
      "type": "DomainAttribute",
      "creation_time": 0,
      "modification_time": 0,
      "inner_item": {
        "$type": "DomainAttributeDto",
        "type": "Integer",
        "length": 0,
        "scale": 0,
        "time_model_entity_id": 0,
        "is_reference_entity": false,
        "save_history": false,
        "id": 8,
        "name": "EmailAddressID",
        "version": 637324036654160000,
        "metadata": {
          "creation_time": 637324036654160000,
          "modification_time": 637324036654160000,
          "tags": [],
          "caller_role": "NONE"
        }
      },
      "tags": [],
      "software_version": 2
    },
    {
      "id": 9,
      "path": "/",
      "name": "EmailAddress",
      "type": "DomainAttribute",
      "creation_time": 0,
      "modification_time": 0,
      "inner_item": {
        "$type": "DomainAttributeDto",
        "type": "String",
        "length": 0,
        "scale": 0,
        "time_model_entity_id": 0,
        "is_reference_entity": false,
        "save_history": false,
        "id": 9,
        "name": "EmailAddress",
        "version": 637324036654160000,
        "metadata": {
          "creation_time": 637324036654160000,
          "modification_time": 637324036654160000,
          "tags": [],
          "caller_role": "NONE"
        }
      },
      "tags": [],
      "software_version": 2
    },
    {
      "id": 10,
      "path": "/",
      "name": "rowguid",
      "type": "DomainAttribute",
      "creation_time": 0,
      "modification_time": 0,
      "inner_item": {
        "$type": "DomainAttributeDto",
        "type": "String",
        "length": 0,
        "scale": 0,
        "time_model_entity_id": 0,
        "is_reference_entity": false,
        "save_history": false,
        "id": 10,
        "name": "rowguid",
        "version": 637324036654170000,
        "metadata": {
          "creation_time": 637324036654170000,
          "modification_time": 637324036654170000,
          "tags": [],
          "caller_role": "NONE"
        }
      },
      "tags": [],
      "software_version": 2
    },
    {
      "id": 11,
      "path": "/",
      "name": "ModifiedDate",
      "type": "DomainAttribute",
      "creation_time": 0,
      "modification_time": 0,
      "inner_item": {
        "$type": "DomainAttributeDto",
        "type": "DateTime",
        "length": 29,
        "scale": 9,
        "time_model_entity_id": 0,
        "is_reference_entity": false,
        "save_history": false,
        "id": 11,
        "name": "ModifiedDate",
        "version": 637324036654170000,
        "metadata": {
          "creation_time": 637324036654170000,
          "modification_time": 637324036654170000,
          "tags": [],
          "caller_role": "NONE"
        }
      },
      "tags": [],
      "software_version": 2
    },
    {
      "id": 12,
      "path": "/",
      "name": "ServerName",
      "type": "DomainAttribute",
      "creation_time": 0,
      "modification_time": 0,
      "inner_item": {
        "$type": "DomainAttributeDto",
        "type": "String",
        "length": 0,
        "scale": 0,
        "time_model_entity_id": 0,
        "is_reference_entity": false,
        "save_history": false,
        "id": 12,
        "name": "ServerName",
        "version": 637324036654170000,
        "metadata": {
          "creation_time": 637324036654170000,
          "modification_time": 637324036654170000,
          "tags": [],
          "caller_role": "NONE"
        }
      },
      "tags": [],
      "software_version": 2
    },
    {
      "id": 14,
      "path": "/",
      "name": "PersonType",
      "type": "DomainAttribute",
      "creation_time": 0,
      "modification_time": 0,
      "inner_item": {
        "$type": "DomainAttributeDto",
        "type": "String",
        "length": 0,
        "scale": 0,
        "time_model_entity_id": 0,
        "is_reference_entity": false,
        "save_history": false,
        "id": 14,
        "name": "PersonType",
        "version": 637324036675920000,
        "metadata": {
          "creation_time": 637324036675920000,
          "modification_time": 637324036675920000,
          "tags": [],
          "caller_role": "NONE"
        }
      },
      "tags": [],
      "software_version": 2
    },
    {
      "id": 15,
      "path": "/",
      "name": "NameStyle",
      "type": "DomainAttribute",
      "creation_time": 0,
      "modification_time": 0,
      "inner_item": {
        "$type": "DomainAttributeDto",
        "type": "Integer",
        "length": 0,
        "scale": 0,
        "time_model_entity_id": 0,
        "is_reference_entity": false,
        "save_history": false,
        "id": 15,
        "name": "NameStyle",
        "version": 637324036675930000,
        "metadata": {
          "creation_time": 637324036675930000,
          "modification_time": 637324036675930000,
          "tags": [],
          "caller_role": "NONE"
        }
      },
      "tags": [],
      "software_version": 2
    },
    {
      "id": 16,
      "path": "/",
      "name": "Title",
      "type": "DomainAttribute",
      "creation_time": 0,
      "modification_time": 0,
      "inner_item": {
        "$type": "DomainAttributeDto",
        "type": "String",
        "length": 0,
        "scale": 0,
        "time_model_entity_id": 0,
        "is_reference_entity": false,
        "save_history": false,
        "id": 16,
        "name": "Title",
        "version": 637324036675930000,
        "metadata": {
          "creation_time": 637324036675930000,
          "modification_time": 637324036675930000,
          "tags": [],
          "caller_role": "NONE"
        }
      },
      "tags": [],
      "software_version": 2
    },
    {
      "id": 17,
      "path": "/",
      "name": "FirstName",
      "type": "DomainAttribute",
      "creation_time": 0,
      "modification_time": 0,
      "inner_item": {
        "$type": "DomainAttributeDto",
        "type": "String",
        "length": 0,
        "scale": 0,
        "time_model_entity_id": 0,
        "is_reference_entity": false,
        "save_history": false,
        "id": 17,
        "name": "FirstName",
        "version": 637324036675930000,
        "metadata": {
          "creation_time": 637324036675930000,
          "modification_time": 637324036675930000,
          "tags": [],
          "caller_role": "NONE"
        }
      },
      "tags": [],
      "software_version": 2
    },
    {
      "id": 18,
      "path": "/",
      "name": "MiddleName",
      "type": "DomainAttribute",
      "creation_time": 0,
      "modification_time": 0,
      "inner_item": {
        "$type": "DomainAttributeDto",
        "type": "String",
        "length": 0,
        "scale": 0,
        "time_model_entity_id": 0,
        "is_reference_entity": false,
        "save_history": false,
        "id": 18,
        "name": "MiddleName",
        "version": 637324036675940000,
        "metadata": {
          "creation_time": 637324036675940000,
          "modification_time": 637324036675940000,
          "tags": [],
          "caller_role": "NONE"
        }
      },
      "tags": [],
      "software_version": 2
    },
    {
      "id": 19,
      "path": "/",
      "name": "LastName",
      "type": "DomainAttribute",
      "creation_time": 0,
      "modification_time": 0,
      "inner_item": {
        "$type": "DomainAttributeDto",
        "type": "String",
        "length": 0,
        "scale": 0,
        "time_model_entity_id": 0,
        "is_reference_entity": false,
        "save_history": false,
        "id": 19,
        "name": "LastName",
        "version": 637324036675940000,
        "metadata": {
          "creation_time": 637324036675940000,
          "modification_time": 637324036675940000,
          "tags": [],
          "caller_role": "NONE"
        }
      },
      "tags": [],
      "software_version": 2
    },
    {
      "id": 20,
      "path": "/",
      "name": "Suffix",
      "type": "DomainAttribute",
      "creation_time": 0,
      "modification_time": 0,
      "inner_item": {
        "$type": "DomainAttributeDto",
        "type": "String",
        "length": 0,
        "scale": 0,
        "time_model_entity_id": 0,
        "is_reference_entity": false,
        "save_history": false,
        "id": 20,
        "name": "Suffix",
        "version": 637324036675940000,
        "metadata": {
          "creation_time": 637324036675940000,
          "modification_time": 637324036675940000,
          "tags": [],
          "caller_role": "NONE"
        }
      },
      "tags": [],
      "software_version": 2
    },
    {
      "id": 21,
      "path": "/",
      "name": "EmailPromotion",
      "type": "DomainAttribute",
      "creation_time": 0,
      "modification_time": 0,
      "inner_item": {
        "$type": "DomainAttributeDto",
        "type": "Integer",
        "length": 0,
        "scale": 0,
        "time_model_entity_id": 0,
        "is_reference_entity": false,
        "save_history": false,
        "id": 21,
        "name": "EmailPromotion",
        "version": 637324036675950000,
        "metadata": {
          "creation_time": 637324036675950000,
          "modification_time": 637324036675950000,
          "tags": [],
          "caller_role": "NONE"
        }
      },
      "tags": [],
      "software_version": 2
    },
    {
      "id": 22,
      "path": "/",
      "name": "AdditionalContactInfo",
      "type": "DomainAttribute",
      "creation_time": 0,
      "modification_time": 0,
      "inner_item": {
        "$type": "DomainAttributeDto",
        "type": "String",
        "length": 0,
        "scale": 0,
        "time_model_entity_id": 0,
        "is_reference_entity": false,
        "save_history": false,
        "id": 22,
        "name": "AdditionalContactInfo",
        "version": 637324036675950000,
        "metadata": {
          "creation_time": 637324036675950000,
          "modification_time": 637324036675950000,
          "tags": [],
          "caller_role": "NONE"
        }
      },
      "tags": [],
      "software_version": 2
    },
    {
      "id": 23,
      "path": "/",
      "name": "Demographics",
      "type": "DomainAttribute",
      "creation_time": 0,
      "modification_time": 0,
      "inner_item": {
        "$type": "DomainAttributeDto",
        "type": "String",
        "length": 0,
        "scale": 0,
        "time_model_entity_id": 0,
        "is_reference_entity": false,
        "save_history": false,
        "id": 23,
        "name": "Demographics",
        "version": 637324036675960000,
        "metadata": {
          "creation_time": 637324036675960000,
          "modification_time": 637324036675960000,
          "tags": [],
          "caller_role": "NONE"
        }
      },
      "tags": [],
      "software_version": 2
    },
    {
      "id": 6,
      "path": "/",
      "name": "emailaddress",
      "type": "Entity",
      "creation_time": 0,
      "modification_time": 0,
      "inner_item": {
        "$type": "EntityDto",
        "time_model_entity_id": 0,
        "is_reference_entity": false,
        "save_history": false,
        "uuid": "8d5ea3a0-253d-46c1-a819-20f2d8a73dca",
        "id": 6,
        "name": "emailaddress",
        "version": 637324036654010000,
        "metadata": {
          "creation_time": 637324036654010000,
          "modification_time": 637324036654010000,
          "tags": [],
          "caller_role": "NONE"
        }
      },
      "tags": [],
      "software_version": 2
    },
    {
      "id": 13,
      "path": "/",
      "name": "person",
      "type": "Entity",
      "creation_time": 0,
      "modification_time": 0,
      "inner_item": {
        "$type": "EntityDto",
        "time_model_entity_id": 0,
        "is_reference_entity": false,
        "save_history": false,
        "uuid": "59fa66bf-349c-4c3c-8999-fd32901e2d4f",
        "id": 13,
        "name": "person",
        "version": 637324036675910000,
        "metadata": {
          "creation_time": 637324036675910000,
          "modification_time": 637324036675910000,
          "tags": [],
          "caller_role": "NONE"
        }
      },
      "tags": [],
      "software_version": 2
    },
    {
      "id": 47,
      "path": "/",
      "name": "Default Workflow",
      "type": "FlowDto",
      "creation_time": 0,
      "modification_time": 0,
      "inner_item": {
        "$type": "FlowDto",
        "flow_type": "SIMPLE",
        "lane_sets": [],
        "flow_nodes": {
          "start": {
            "$type": "StartNode",
            "incoming": [],
            "outgoing": [
              {
                "directive": {
                  "target_node_id": "sales",
                  "target_port_id": "inport"
                },
                "id": "outport"
              }
            ],
            "display_name": "START",
            "id": "start"
          },
          "end": {
            "$type": "EndNode",
            "error_policy": {
              "termination_mode": "STOP_AFTER_RUNNING_ACTIVITIES"
            },
            "incoming": [
              {
                "id": "inport_1"
              }
            ],
            "outgoing": [],
            "display_name": "END",
            "id": "end"
          },
          "sales": {
            "$type": "ExecutionActivity",
            "executor_input": {
              "$type": "EtlCommandExecutionData",
              "project_name": "Databricks-Azure",
              "etl_id": 43,
              "apply_schema_evolution": true,
              "id": 0,
              "name": "Sales",
              "version": 0
            },
            "timeout_sec": 300,
            "incoming": [
              {
                "id": "inport"
              }
            ],
            "outgoing": [
              {
                "directive": {
                  "target_node_id": "end",
                  "target_port_id": "inport_1"
                },
                "id": "outport"
              }
            ],
            "display_name": "Sales",
            "id": "sales"
          }
        },
        "resumable": true,
        "max_instances": 1,
        "is_template": true,
        "name": "Default Workflow",
        "version": 637324040840010000,
        "metadata": {
          "creation_time": 637324040417920000,
          "modification_time": 637324040840010000,
          "tags": [],
          "caller_role": "NONE"
        }
      },
      "tags": [],
      "software_version": 1
    },
    {
      "id": 48,
      "path": "/",
      "name": "Default Change Processing Workflow",
      "type": "FlowDto",
      "creation_time": 0,
      "modification_time": 0,
      "inner_item": {
        "$type": "FlowDto",
        "flow_type": "SIMPLE",
        "lane_sets": [],
        "flow_nodes": {
          "start": {
            "$type": "StartNode",
            "incoming": [],
            "outgoing": [
              {
                "directive": {
                  "target_node_id": "sales_cdc",
                  "target_port_id": "inport"
                },
                "id": "outport"
              }
            ],
            "display_name": "START",
            "id": "start"
          },
          "end": {
            "$type": "EndNode",
            "error_policy": {
              "termination_mode": "STOP_AFTER_RUNNING_ACTIVITIES"
            },
            "incoming": [
              {
                "id": "inport_1"
              }
            ],
            "outgoing": [],
            "display_name": "END",
            "id": "end"
          },
          "sales_cdc": {
            "$type": "ExecutionActivity",
            "executor_input": {
              "$type": "EtlCommandExecutionData",
              "project_name": "Databricks-Azure",
              "etl_id": 44,
              "apply_schema_evolution": true,
              "id": 0,
              "name": "Sales_CDC",
              "version": 0
            },
            "timeout_sec": 300,
            "incoming": [
              {
                "id": "inport"
              }
            ],
            "outgoing": [
              {
                "directive": {
                  "target_node_id": "end",
                  "target_port_id": "inport_1"
                },
                "id": "outport"
              }
            ],
            "display_name": "Sales_CDC",
            "id": "sales_cdc"
          }
        },
        "resumable": true,
        "max_instances": 1,
        "is_template": true,
        "name": "Default Change Processing Workflow",
        "version": 637324040840010000,
        "metadata": {
          "creation_time": 637324040840010000,
          "modification_time": 637324040840010000,
          "tags": [],
          "caller_role": "NONE"
        }
      },
      "tags": [],
      "software_version": 1
    },
    {
      "id": 2,
      "path": "/",
      "name": "Databricks-Azure",
      "type": "ExecutionServiceDto",
      "creation_time": 0,
      "modification_time": 0,
      "inner_item": {
        "$type": "ExecutionServiceDto",
        "max_runtime_instances_to_keep": 1000,
        "name": "Databricks-Azure",
        "version": 637328234304850000,
        "metadata": {
          "creation_time": 637315014284700000,
          "modification_time": 637328234304850000,
          "tags": [],
          "caller_role": "NONE"
        }
      },
      "tags": [],
      "software_version": 1
    },
    {
      "id": 24,
      "path": "/",
      "name": "fe8daec5-1ea3-4e80-a1f3-7b23b69636e1",
      "type": "TableColumn",
      "creation_time": 0,
      "modification_time": 0,
      "inner_item": {
        "$type": "TableColumnDto",
        "poe": 6,
        "pbe": 7,
        "prefix": "",
        "is_primary": true,
        "history_type": "N",
        "block": 0,
        "ordinal": 100,
        "time_model_role_id": 0,
        "id": 24,
        "name": "fe8daec5-1ea3-4e80-a1f3-7b23b69636e1",
        "version": 637324036676080000,
        "metadata": {
          "creation_time": 637324036676080000,
          "modification_time": 637324036676080000,
          "tags": [],
          "caller_role": "NONE"
        }
      },
      "tags": [],
      "software_version": 1
    },
    {
      "id": 25,
      "path": "/",
      "name": "d708a5bc-b893-461a-b8df-dabdcfde0210",
      "type": "TableColumn",
      "creation_time": 0,
      "modification_time": 0,
      "inner_item": {
        "$type": "TableColumnDto",
        "poe": 6,
        "pbe": 8,
        "prefix": "",
        "is_primary": true,
        "history_type": "N",
        "block": 0,
        "ordinal": 200,
        "time_model_role_id": 0,
        "id": 25,
        "name": "d708a5bc-b893-461a-b8df-dabdcfde0210",
        "version": 637324036676130000,
        "metadata": {
          "creation_time": 637324036676130000,
          "modification_time": 637324036676130000,
          "tags": [],
          "caller_role": "NONE"
        }
      },
      "tags": [],
      "software_version": 1
    },
    {
      "id": 26,
      "path": "/",
      "name": "a7ae4deb-fd5e-47a9-ab61-749cee9e887c",
      "type": "TableColumn",
      "creation_time": 0,
      "modification_time": 0,
      "inner_item": {
        "$type": "TableColumnDto",
        "poe": 13,
        "pbe": 7,
        "prefix": "",
        "is_primary": true,
        "history_type": "N",
        "block": 0,
        "ordinal": 100,
        "time_model_role_id": 0,
        "id": 26,
        "name": "a7ae4deb-fd5e-47a9-ab61-749cee9e887c",
        "version": 637324036676140000,
        "metadata": {
          "creation_time": 637324036676140000,
          "modification_time": 637324036676140000,
          "tags": [],
          "caller_role": "NONE"
        }
      },
      "tags": [],
      "software_version": 1
    },
    {
      "id": 27,
      "path": "/",
      "name": "b7c2d04f-383c-44ab-824e-d9cb38f8e60e",
      "type": "TableColumn",
      "creation_time": 0,
      "modification_time": 0,
      "inner_item": {
        "$type": "TableColumnDto",
        "poe": 6,
        "pbe": 9,
        "prefix": "",
        "is_primary": false,
        "history_type": "N",
        "block": 0,
        "ordinal": 300,
        "time_model_role_id": 0,
        "id": 27,
        "name": "b7c2d04f-383c-44ab-824e-d9cb38f8e60e",
        "version": 637324036676190000,
        "metadata": {
          "creation_time": 637324036676190000,
          "modification_time": 637324036676190000,
          "tags": [],
          "caller_role": "NONE"
        }
      },
      "tags": [],
      "software_version": 1
    },
    {
      "id": 28,
      "path": "/",
      "name": "20d72aef-7387-4dc4-a33d-1a6efc41187c",
      "type": "TableColumn",
      "creation_time": 0,
      "modification_time": 0,
      "inner_item": {
        "$type": "TableColumnDto",
        "poe": 6,
        "pbe": 10,
        "prefix": "",
        "is_primary": false,
        "history_type": "N",
        "block": 0,
        "ordinal": 400,
        "time_model_role_id": 0,
        "id": 28,
        "name": "20d72aef-7387-4dc4-a33d-1a6efc41187c",
        "version": 637324036676190000,
        "metadata": {
          "creation_time": 637324036676190000,
          "modification_time": 637324036676190000,
          "tags": [],
          "caller_role": "NONE"
        }
      },
      "tags": [],
      "software_version": 1
    },
    {
      "id": 29,
      "path": "/",
      "name": "3f27d81f-16f0-41b4-871f-e6428af883d8",
      "type": "TableColumn",
      "creation_time": 0,
      "modification_time": 0,
      "inner_item": {
        "$type": "TableColumnDto",
        "poe": 6,
        "pbe": 11,
        "prefix": "",
        "is_primary": false,
        "history_type": "N",
        "block": 0,
        "ordinal": 500,
        "time_model_role_id": 0,
        "id": 29,
        "name": "3f27d81f-16f0-41b4-871f-e6428af883d8",
        "version": 637324036676190000,
        "metadata": {
          "creation_time": 637324036676190000,
          "modification_time": 637324036676190000,
          "tags": [],
          "caller_role": "NONE"
        }
      },
      "tags": [],
      "software_version": 1
    },
    {
      "id": 30,
      "path": "/",
      "name": "b50f385c-d86b-4c1b-bdc1-615739b9d52e",
      "type": "TableColumn",
      "creation_time": 0,
      "modification_time": 0,
      "inner_item": {
        "$type": "TableColumnDto",
        "poe": 6,
        "pbe": 12,
        "prefix": "",
        "is_primary": false,
        "history_type": "N",
        "block": 0,
        "ordinal": 600,
        "time_model_role_id": 0,
        "id": 30,
        "name": "b50f385c-d86b-4c1b-bdc1-615739b9d52e",
        "version": 637324036676190000,
        "metadata": {
          "creation_time": 637324036676190000,
          "modification_time": 637324036676190000,
          "tags": [],
          "caller_role": "NONE"
        }
      },
      "tags": [],
      "software_version": 1
    },
    {
      "id": 31,
      "path": "/",
      "name": "ee683b1a-1af3-4dac-a58d-67a406a1cf78",
      "type": "TableColumn",
      "creation_time": 0,
      "modification_time": 0,
      "inner_item": {
        "$type": "TableColumnDto",
        "poe": 13,
        "pbe": 14,
        "prefix": "",
        "is_primary": false,
        "history_type": "N",
        "block": 0,
        "ordinal": 200,
        "time_model_role_id": 0,
        "id": 31,
        "name": "ee683b1a-1af3-4dac-a58d-67a406a1cf78",
        "version": 637324036676190000,
        "metadata": {
          "creation_time": 637324036676190000,
          "modification_time": 637324036676190000,
          "tags": [],
          "caller_role": "NONE"
        }
      },
      "tags": [],
      "software_version": 1
    },
    {
      "id": 32,
      "path": "/",
      "name": "237cca28-e174-456c-927b-501c5f539364",
      "type": "TableColumn",
      "creation_time": 0,
      "modification_time": 0,
      "inner_item": {
        "$type": "TableColumnDto",
        "poe": 13,
        "pbe": 15,
        "prefix": "",
        "is_primary": false,
        "history_type": "N",
        "block": 0,
        "ordinal": 300,
        "time_model_role_id": 0,
        "id": 32,
        "name": "237cca28-e174-456c-927b-501c5f539364",
        "version": 637324036676190000,
        "metadata": {
          "creation_time": 637324036676190000,
          "modification_time": 637324036676190000,
          "tags": [],
          "caller_role": "NONE"
        }
      },
      "tags": [],
      "software_version": 1
    },
    {
      "id": 33,
      "path": "/",
      "name": "7c50e980-c838-4804-9690-3e9e1a04af5b",
      "type": "TableColumn",
      "creation_time": 0,
      "modification_time": 0,
      "inner_item": {
        "$type": "TableColumnDto",
        "poe": 13,
        "pbe": 16,
        "prefix": "",
        "is_primary": false,
        "history_type": "N",
        "block": 0,
        "ordinal": 400,
        "time_model_role_id": 0,
        "id": 33,
        "name": "7c50e980-c838-4804-9690-3e9e1a04af5b",
        "version": 637324036676190000,
        "metadata": {
          "creation_time": 637324036676190000,
          "modification_time": 637324036676190000,
          "tags": [],
          "caller_role": "NONE"
        }
      },
      "tags": [],
      "software_version": 1
    },
    {
      "id": 34,
      "path": "/",
      "name": "65070e77-43c1-442f-b701-0fd6ed1a55c2",
      "type": "TableColumn",
      "creation_time": 0,
      "modification_time": 0,
      "inner_item": {
        "$type": "TableColumnDto",
        "poe": 13,
        "pbe": 17,
        "prefix": "",
        "is_primary": false,
        "history_type": "N",
        "block": 0,
        "ordinal": 500,
        "time_model_role_id": 0,
        "id": 34,
        "name": "65070e77-43c1-442f-b701-0fd6ed1a55c2",
        "version": 637324036676190000,
        "metadata": {
          "creation_time": 637324036676190000,
          "modification_time": 637324036676190000,
          "tags": [],
          "caller_role": "NONE"
        }
      },
      "tags": [],
      "software_version": 1
    },
    {
      "id": 35,
      "path": "/",
      "name": "b0b11083-11a1-44e1-baa8-e5c62f10adf8",
      "type": "TableColumn",
      "creation_time": 0,
      "modification_time": 0,
      "inner_item": {
        "$type": "TableColumnDto",
        "poe": 13,
        "pbe": 18,
        "prefix": "",
        "is_primary": false,
        "history_type": "N",
        "block": 0,
        "ordinal": 600,
        "time_model_role_id": 0,
        "id": 35,
        "name": "b0b11083-11a1-44e1-baa8-e5c62f10adf8",
        "version": 637324036676190000,
        "metadata": {
          "creation_time": 637324036676190000,
          "modification_time": 637324036676190000,
          "tags": [],
          "caller_role": "NONE"
        }
      },
      "tags": [],
      "software_version": 1
    },
    {
      "id": 36,
      "path": "/",
      "name": "59e1b966-420b-40cc-a8e6-a2c176e39eca",
      "type": "TableColumn",
      "creation_time": 0,
      "modification_time": 0,
      "inner_item": {
        "$type": "TableColumnDto",
        "poe": 13,
        "pbe": 19,
        "prefix": "",
        "is_primary": false,
        "history_type": "N",
        "block": 0,
        "ordinal": 700,
        "time_model_role_id": 0,
        "id": 36,
        "name": "59e1b966-420b-40cc-a8e6-a2c176e39eca",
        "version": 637324036676190000,
        "metadata": {
          "creation_time": 637324036676190000,
          "modification_time": 637324036676190000,
          "tags": [],
          "caller_role": "NONE"
        }
      },
      "tags": [],
      "software_version": 1
    },
    {
      "id": 37,
      "path": "/",
      "name": "3f61e3d1-f3c8-4b3a-b6f4-b1c3348366ea",
      "type": "TableColumn",
      "creation_time": 0,
      "modification_time": 0,
      "inner_item": {
        "$type": "TableColumnDto",
        "poe": 13,
        "pbe": 20,
        "prefix": "",
        "is_primary": false,
        "history_type": "N",
        "block": 0,
        "ordinal": 800,
        "time_model_role_id": 0,
        "id": 37,
        "name": "3f61e3d1-f3c8-4b3a-b6f4-b1c3348366ea",
        "version": 637324036676190000,
        "metadata": {
          "creation_time": 637324036676190000,
          "modification_time": 637324036676190000,
          "tags": [],
          "caller_role": "NONE"
        }
      },
      "tags": [],
      "software_version": 1
    },
    {
      "id": 38,
      "path": "/",
      "name": "6ea79de6-29ad-486a-b38f-1733b84231a7",
      "type": "TableColumn",
      "creation_time": 0,
      "modification_time": 0,
      "inner_item": {
        "$type": "TableColumnDto",
        "poe": 13,
        "pbe": 21,
        "prefix": "",
        "is_primary": false,
        "history_type": "N",
        "block": 0,
        "ordinal": 900,
        "time_model_role_id": 0,
        "id": 38,
        "name": "6ea79de6-29ad-486a-b38f-1733b84231a7",
        "version": 637324036676190000,
        "metadata": {
          "creation_time": 637324036676190000,
          "modification_time": 637324036676190000,
          "tags": [],
          "caller_role": "NONE"
        }
      },
      "tags": [],
      "software_version": 1
    },
    {
      "id": 39,
      "path": "/",
      "name": "dc559bef-4c14-4c56-b4fa-c36f4a37e750",
      "type": "TableColumn",
      "creation_time": 0,
      "modification_time": 0,
      "inner_item": {
        "$type": "TableColumnDto",
        "poe": 13,
        "pbe": 22,
        "prefix": "",
        "is_primary": false,
        "history_type": "N",
        "block": 0,
        "ordinal": 1000,
        "time_model_role_id": 0,
        "id": 39,
        "name": "dc559bef-4c14-4c56-b4fa-c36f4a37e750",
        "version": 637324036676190000,
        "metadata": {
          "creation_time": 637324036676190000,
          "modification_time": 637324036676190000,
          "tags": [],
          "caller_role": "NONE"
        }
      },
      "tags": [],
      "software_version": 1
    },
    {
      "id": 40,
      "path": "/",
      "name": "9233f9de-e790-4005-a222-6ac2d7d93fc3",
      "type": "TableColumn",
      "creation_time": 0,
      "modification_time": 0,
      "inner_item": {
        "$type": "TableColumnDto",
        "poe": 13,
        "pbe": 23,
        "prefix": "",
        "is_primary": false,
        "history_type": "N",
        "block": 0,
        "ordinal": 1100,
        "time_model_role_id": 0,
        "id": 40,
        "name": "9233f9de-e790-4005-a222-6ac2d7d93fc3",
        "version": 637324036676190000,
        "metadata": {
          "creation_time": 637324036676190000,
          "modification_time": 637324036676190000,
          "tags": [],
          "caller_role": "NONE"
        }
      },
      "tags": [],
      "software_version": 1
    },
    {
      "id": 41,
      "path": "/",
      "name": "32f286e7-9c92-4039-a7d6-c61e76ff4b58",
      "type": "TableColumn",
      "creation_time": 0,
      "modification_time": 0,
      "inner_item": {
        "$type": "TableColumnDto",
        "poe": 13,
        "pbe": 10,
        "prefix": "",
        "is_primary": false,
        "history_type": "N",
        "block": 0,
        "ordinal": 1200,
        "time_model_role_id": 0,
        "id": 41,
        "name": "32f286e7-9c92-4039-a7d6-c61e76ff4b58",
        "version": 637324036676190000,
        "metadata": {
          "creation_time": 637324036676190000,
          "modification_time": 637324036676190000,
          "tags": [],
          "caller_role": "NONE"
        }
      },
      "tags": [],
      "software_version": 1
    },
    {
      "id": 42,
      "path": "/",
      "name": "94b23e55-1ba2-4388-9bc9-38957ecdd9d4",
      "type": "TableColumn",
      "creation_time": 0,
      "modification_time": 0,
      "inner_item": {
        "$type": "TableColumnDto",
        "poe": 13,
        "pbe": 11,
        "prefix": "",
        "is_primary": false,
        "history_type": "N",
        "block": 0,
        "ordinal": 1300,
        "time_model_role_id": 0,
        "id": 42,
        "name": "94b23e55-1ba2-4388-9bc9-38957ecdd9d4",
        "version": 637324036676190000,
        "metadata": {
          "creation_time": 637324036676190000,
          "modification_time": 637324036676190000,
          "tags": [],
          "caller_role": "NONE"
        }
      },
      "tags": [],
      "software_version": 1
    },
    {
      "id": 45,
      "path": "/",
      "name": "Map_emailaddress_Sales",
      "type": "Mapping",
      "creation_time": 0,
      "modification_time": 0,
      "inner_item": {
        "$type": "MappingDto",
        "entity_id": 6,
        "is_active_mapping_pi": false,
        "schema": "landing_dke",
        "database_id": 5,
        "table_name": "emailaddress",
        "mapping_type": "TABLE",
        "is_aggregated": false,
        "mapping_fields": [
          {
            "mapping_type": "DIRECT",
            "source_col_name": "header__deleted",
            "staging_col_name_int": "header__deleted"
          },
          {
            "mapping_type": "DIRECT",
            "source_col_name": "BusinessEntityID",
            "staging_col_name_int": "COLID_24_7"
          },
          {
            "mapping_type": "DIRECT",
            "source_col_name": "EmailAddressID",
            "staging_col_name_int": "COLID_25_8"
          },
          {
            "mapping_type": "DIRECT",
            "source_col_name": "EmailAddress",
            "staging_col_name_int": "COLID_27_9"
          },
          {
            "mapping_type": "DIRECT",
            "source_col_name": "rowguid",
            "staging_col_name_int": "COLID_28_10"
          },
          {
            "mapping_type": "DIRECT",
            "source_col_name": "ModifiedDate",
            "staging_col_name_int": "COLID_29_11"
          },
          {
            "mapping_type": "DIRECT",
            "source_col_name": "ServerName",
            "staging_col_name_int": "COLID_30_12"
          }
        ],
        "mapping_query": "",
        "data_quality_rules": [
          {
            "action": "REJECT_AND_REPORT",
            "type": "EXPRESSION",
            "name": "Business Keys cannot be NULL",
            "enabled": false,
            "order": 0,
            "is_internal": true
          }
        ],
        "cleansing_rules": [],
        "null_behaviour": "USE_ETL_SETTING",
        "id": 45,
        "name": "Map_emailaddress_Sales",
        "version": 637324036676560000,
        "metadata": {
          "creation_time": 637324036676360000,
          "modification_time": 637324036676560000,
          "tags": [],
          "caller_role": "NONE"
        }
      },
      "tags": [],
      "software_version": 2
    },
    {
      "id": 46,
      "path": "/",
      "name": "Map_person_Sales",
      "type": "Mapping",
      "creation_time": 0,
      "modification_time": 0,
      "inner_item": {
        "$type": "MappingDto",
        "entity_id": 13,
        "is_active_mapping_pi": false,
        "schema": "landing_dke",
        "database_id": 5,
        "table_name": "person",
        "mapping_type": "TABLE",
        "is_aggregated": false,
        "mapping_fields": [
          {
            "mapping_type": "DIRECT",
            "source_col_name": "header__deleted",
            "staging_col_name_int": "header__deleted"
          },
          {
            "mapping_type": "DIRECT",
            "source_col_name": "BusinessEntityID",
            "staging_col_name_int": "COLID_26_7"
          },
          {
            "mapping_type": "DIRECT",
            "source_col_name": "PersonType",
            "staging_col_name_int": "COLID_31_14"
          },
          {
            "mapping_type": "DIRECT",
            "source_col_name": "NameStyle",
            "staging_col_name_int": "COLID_32_15"
          },
          {
            "mapping_type": "DIRECT",
            "source_col_name": "Title",
            "staging_col_name_int": "COLID_33_16"
          },
          {
            "mapping_type": "DIRECT",
            "source_col_name": "FirstName",
            "staging_col_name_int": "COLID_34_17"
          },
          {
            "mapping_type": "DIRECT",
            "source_col_name": "MiddleName",
            "staging_col_name_int": "COLID_35_18"
          },
          {
            "mapping_type": "DIRECT",
            "source_col_name": "LastName",
            "staging_col_name_int": "COLID_36_19"
          },
          {
            "mapping_type": "DIRECT",
            "source_col_name": "Suffix",
            "staging_col_name_int": "COLID_37_20"
          },
          {
            "mapping_type": "DIRECT",
            "source_col_name": "EmailPromotion",
            "staging_col_name_int": "COLID_38_21"
          },
          {
            "mapping_type": "DIRECT",
            "source_col_name": "AdditionalContactInfo",
            "staging_col_name_int": "COLID_39_22"
          },
          {
            "mapping_type": "DIRECT",
            "source_col_name": "Demographics",
            "staging_col_name_int": "COLID_40_23"
          },
          {
            "mapping_type": "DIRECT",
            "source_col_name": "rowguid",
            "staging_col_name_int": "COLID_41_10"
          },
          {
            "mapping_type": "DIRECT",
            "source_col_name": "ModifiedDate",
            "staging_col_name_int": "COLID_42_11"
          }
        ],
        "mapping_query": "",
        "data_quality_rules": [
          {
            "action": "REJECT_AND_REPORT",
            "type": "EXPRESSION",
            "name": "Business Keys cannot be NULL",
            "enabled": false,
            "order": 0,
            "is_internal": true
          }
        ],
        "cleansing_rules": [],
        "null_behaviour": "USE_ETL_SETTING",
        "id": 46,
        "name": "Map_person_Sales",
        "version": 637324036676640000,
        "metadata": {
          "creation_time": 637324036676620000,
          "modification_time": 637324036676640000,
          "tags": [],
          "caller_role": "NONE"
        }
      },
      "tags": [],
      "software_version": 2
    },
    {
      "id": 43,
      "path": "/",
      "name": "Sales",
      "type": "ETLInfo",
      "creation_time": 0,
      "modification_time": 0,
      "inner_item": {
        "$type": "ETLInfoDto",
        "data": {
          "seqr_processing": false,
          "FULLREBUILD": false,
          "SELOFRUNS": 0,
          "EMPTYRUNNRSTABLE": true,
          "INSERTRUNNRSTABLE": true,
          "MAXCDC_COLUMNS": 10,
          "SPLITRELSANDATTS": false,
          "STOPAFTERSTAGING": false,
          "PARAM_RUNNR": "1",
          "Using_Max_partitions_for_CDC": false,
          "Max_partitions_for_CDC": 0,
          "dm_cohorts": [],
          "engine_settings": {
            "thread_connection_settings": {
              "thread_pool_size": 10,
              "thread_pool_max": 18,
              "thread_queue_max": 10000,
              "thread_timeout": 3000
            },
            "database_connection_settings": {
              "db_pool_size": 200,
              "db_reap_interval": 30000,
              "db_lease_timeout": 60000,
              "print_db_leases": false
            },
            "engine_logging_settings": {
              "log_level": "INFO",
              "log_file": "$project-path$\\$task-name$\\$task-name$_Log.log",
              "log_file_timestamp": true,
              "log_console": true,
              "log_stack_trace": false,
              "log_jdbc_driver_output": false,
              "log_mapping_fields": false,
              "log_mapping_values": false,
              "log_sync_provider_output": false,
              "log_prep_statmt_bindings": false,
              "log_dbms_leasing": false,
              "log_table_contents": false,
              "log_sql_monitor_output": false,
              "log_param_substitution": false,
              "log_mop_ids": false,
              "log_java_env": false,
              "log_mopping_state": false,
              "log_table_cache_rows": 20,
              "print_final_log": false,
              "print_dbms_info": false,
              "create_missing_tables": false
            },
            "mopping_thread_settings": {
              "mop_direct_write": false,
              "mop_thread_pool_size": 18,
              "mop_thread_pool_max": 18,
              "mop_thread_queue_max": 2500,
              "mop_thread_timeout": 3000,
              "mop_write_queue_max": 100,
              "mop_no_id_ledelins": true,
              "mop_without_write": false
            },
            "general_settings": {
              "java_mem": "-Xms1024M -Xmx4096M",
              "stt_date": "NOW",
              "up_ddate": "NOW",
              "tgt_os": "MSWL",
              "tgt_sh": "cmd",
              "validate_data_types": false,
              "validate_only": false,
              "fetch_size": 1000,
              "batch_max_rows": 20,
              "nr_of_committed_rows": 10000,
              "parameter_worm": true,
              "instruction_delay": false,
              "memory_reaper": false,
              "ORACLE_DATADIRECT": false,
              "ORACLE_TNSNAMES": "",
              "SQLSERVER_DATADIRECT": false,
              "SQLSERVER_DRIVER_1_1": true,
              "JTDS": false,
              "DB2_DATADIRECT": false,
              "encrypted_password": true,
              "change_processing_by_query": false
            },
            "advanced_settings": {
              "retain_stg_tables": false,
              "retain_imt_tables": false,
              "imt_tables_volatile": false,
              "write_etl_cmnds_to_db": false
            },
            "spark_settings": {
              "properties": {}
            }
          },
          "workflow_position": 1,
          "dwh_full_load": true,
          "dm_enable_table_logging": false,
          "allow_updating_to_null": false,
          "from_date_unmapped_value": "LOWEST",
          "CDC__delay": 0
        },
        "active_mappings": [
          45,
          46
        ],
        "entity_action": [],
        "etl_type": "DataWarehouse",
        "active_custom_etls": [],
        "uuid": "b86c0b0f-aea9-4749-b6ad-efcf3ee83dcf",
        "task_Stage": "DataWarehouse",
        "id": 43,
        "name": "Sales",
        "version": 637324040327990000,
        "metadata": {
          "creation_time": 637324036676320000,
          "modification_time": 637324040327990000,
          "tags": [],
          "caller_role": "NONE"
        }
      },
      "tags": [],
      "software_version": 2
    },
    {
      "id": 44,
      "path": "/",
      "name": "Sales_CDC",
      "type": "ETLInfo",
      "creation_time": 0,
      "modification_time": 0,
      "inner_item": {
        "$type": "ETLInfoDto",
        "data": {
          "seqr_processing": false,
          "FULLREBUILD": false,
          "SELOFRUNS": 0,
          "EMPTYRUNNRSTABLE": true,
          "INSERTRUNNRSTABLE": true,
          "MAXCDC_COLUMNS": 10,
          "SPLITRELSANDATTS": false,
          "STOPAFTERSTAGING": false,
          "PARAM_RUNNR": "1",
          "Using_Max_partitions_for_CDC": false,
          "Max_partitions_for_CDC": 0,
          "dm_cohorts": [],
          "engine_settings": {
            "thread_connection_settings": {
              "thread_pool_size": 10,
              "thread_pool_max": 18,
              "thread_queue_max": 10000,
              "thread_timeout": 3000
            },
            "database_connection_settings": {
              "db_pool_size": 200,
              "db_reap_interval": 30000,
              "db_lease_timeout": 60000,
              "print_db_leases": false
            },
            "engine_logging_settings": {
              "log_level": "INFO",
              "log_file": "$project-path$\\$task-name$\\$task-name$_Log.log",
              "log_file_timestamp": true,
              "log_console": true,
              "log_stack_trace": false,
              "log_jdbc_driver_output": false,
              "log_mapping_fields": false,
              "log_mapping_values": false,
              "log_sync_provider_output": false,
              "log_prep_statmt_bindings": false,
              "log_dbms_leasing": false,
              "log_table_contents": false,
              "log_sql_monitor_output": false,
              "log_param_substitution": false,
              "log_mop_ids": false,
              "log_java_env": false,
              "log_mopping_state": false,
              "log_table_cache_rows": 20,
              "print_final_log": false,
              "print_dbms_info": false,
              "create_missing_tables": false
            },
            "mopping_thread_settings": {
              "mop_direct_write": false,
              "mop_thread_pool_size": 18,
              "mop_thread_pool_max": 18,
              "mop_thread_queue_max": 2500,
              "mop_thread_timeout": 3000,
              "mop_write_queue_max": 100,
              "mop_no_id_ledelins": true,
              "mop_without_write": false
            },
            "general_settings": {
              "java_mem": "-Xms1024M -Xmx4096M",
              "stt_date": "NOW",
              "up_ddate": "NOW",
              "tgt_os": "MSWL",
              "tgt_sh": "cmd",
              "validate_data_types": false,
              "validate_only": false,
              "fetch_size": 1000,
              "batch_max_rows": 20,
              "nr_of_committed_rows": 10000,
              "parameter_worm": true,
              "instruction_delay": false,
              "memory_reaper": false,
              "ORACLE_DATADIRECT": false,
              "ORACLE_TNSNAMES": "",
              "SQLSERVER_DATADIRECT": false,
              "SQLSERVER_DRIVER_1_1": true,
              "JTDS": false,
              "DB2_DATADIRECT": false,
              "encrypted_password": true,
              "change_processing_by_query": false
            },
            "advanced_settings": {
              "retain_stg_tables": false,
              "retain_imt_tables": false,
              "imt_tables_volatile": false,
              "write_etl_cmnds_to_db": false
            },
            "spark_settings": {
              "properties": {}
            }
          },
          "workflow_position": 1,
          "dwh_full_load": false,
          "dm_enable_table_logging": false,
          "allow_updating_to_null": false,
          "from_date_unmapped_value": "LOWEST",
          "CDC__delay": 0
        },
        "active_mappings": [
          45,
          46
        ],
        "entity_action": [
          {
            "handle_duplicates": true,
            "ext_load": false,
            "entity_id": 6
          },
          {
            "handle_duplicates": true,
            "ext_load": false,
            "entity_id": 13
          }
        ],
        "etl_type": "DataWarehouse_CDC",
        "active_custom_etls": [],
        "uuid": "49f4f8f6-42d9-47bc-b37e-f4c5c50be0d9",
        "task_Stage": "DataWarehouse_CDC",
        "id": 44,
        "name": "Sales_CDC",
        "version": 637324040758640000,
        "metadata": {
          "creation_time": 637324036676330000,
          "modification_time": 637324040758640000,
          "tags": [],
          "caller_role": "NONE"
        }
      },
      "tags": [],
      "software_version": 2
    }
  ]
}